row_id,Drug_ID,partition,Y,SMILES
caco2_wang:train_val:0,H 95/71,train_val,-5.4279842,CC(C)NCC(O)COc1ccc(NC=O)cc1
caco2_wang:train_val:1,H 244/45,train_val,-5.2198415000000002,CCC(=O)Nc1ccc(OCC(O)CNC(C)C)cc1
caco2_wang:train_val:2,D-Phe-D-Ala-D-Ser-OH,train_val,-6.2819985999999997,C[C@H](NC(=O)[C@H](N)Cc1ccccc1)C(=O)N[C@H](CO)C(=O)O
caco2_wang:train_val:3,Dexloxiglumide,train_val,-5.1401309999999993,CCCCCN(CCCOC)C(=O)[C@@H](CCC(=O)O)NC(=O)c1ccc(Cl)c(Cl)c1
caco2_wang:train_val:4,Ac-D-phe-NH2,train_val,-5.1000899999999998,CC(=O)N[C@@H](Cc1ccccc1)C(N)=O
caco2_wang:train_val:5,benzoic acid,train_val,-4.0050001000000002,O=C(O)c1ccccc1
caco2_wang:train_val:6,Methylparaben,train_val,-4.46,COC(=O)c1ccc(O)cc1
caco2_wang:train_val:7,Propylparaben,train_val,-4.3899999000000003,CCCOC(=O)c1ccc(O)cc1
caco2_wang:train_val:8,Butylparaben,train_val,-4.4899997999999997,CCCCOC(=O)c1ccc(O)cc1
caco2_wang:train_val:9,Octylparaben,train_val,-4.8800000999999984,CCCCCCCCOC(=O)c1ccc(O)cc1
caco2_wang:train_val:10,Guanabenz,train_val,-4.3299999000000016,NC(N)=NN=Cc1c(Cl)cccc1Cl
caco2_wang:train_val:11,Methyldopa,train_val,-6.6198940000000004,C[C@@](N)(Cc1ccc(O)c(O)c1)C(=O)O
caco2_wang:train_val:12,5-chlorosalicylic acid,train_val,-4.9800000000000004,O=C(O)c1cc(Cl)ccc1O
caco2_wang:train_val:13,epinephrine,train_val,-6.125,CNC[C@H](O)c1ccc(O)c(O)c1
caco2_wang:train_val:14,N-Acetyl-D-leucyl-D-phenylalanine N-Methylamide (4),train_val,-5.2142239000000004,CNC(=O)[C@@H](Cc1ccccc1)NC(=O)[C@@H](CC(C)C)NC(C)=O
caco2_wang:train_val:15,N-Acetylglycine Phenethylamide (7),train_val,-4.6597776,CC(=O)NCC(=O)NCCc1ccccc1
caco2_wang:train_val:16,N-Acetyl-D-valine Phenethylamide (9a),train_val,-4.4610906000000004,CC(=O)N[C@@H](C(=O)NCCc1ccccc1)C(C)C
caco2_wang:train_val:17,glycine-valine acyclovir,train_val,-5.2800001999999999,CC(=O)C(NC(=O)CN)c1ccc(O)cc1
caco2_wang:train_val:18,guanabenz,train_val,-4.6799998,NC(N)=N/N=C/c1c(Cl)cccc1Cl
caco2_wang:train_val:19,7,train_val,-4.1864189999999999,CNS(=O)(=O)c1ccc(Cl)cc1
caco2_wang:train_val:20,6,train_val,-4.2620125,NS(=O)(=O)c1ccc(Cl)cc1
caco2_wang:train_val:21,Tanshinol (TSL),train_val,-5.9118199000000002,O=C(O)C(O)Cc1ccc(O)c(O)c1
caco2_wang:train_val:22,Metoprolol,train_val,-4.3493012999999996,COCCc1ccc(OCC(O)CNC(C)C)cc1
caco2_wang:train_val:23,acetaminophen,train_val,-4.4400000999999998,CC(=O)Nc1ccc(O)cc1
caco2_wang:train_val:24,N-[5-[(4-Dimethylaminobenzoyl)amino]pentyl]-2-mercaptoacetamide (S2),train_val,-5.1324477000000002,CN(C)c1ccc(C(=O)NCCCCCNC(=O)CS)cc1
caco2_wang:train_val:25,Vorinostat (SAHA-suberoylanilide hydroxamic acid),train_val,-5.6294660999999993,O=C(CCCCCCC(=O)Nc1ccccc1)NO
caco2_wang:train_val:26,Sulfanilic acid,train_val,-5.4299998,Nc1ccc(S(=O)(=O)O)cc1
caco2_wang:train_val:27,Paraoxon,train_val,-4.6900000999999998,CCOP(=O)(OCC)Oc1ccc(N(O)O)cc1
caco2_wang:train_val:28,alminoprofen,train_val,-4.3400002000000004,C=C(C)CNc1ccc(C(C)C(=O)O)cc1
caco2_wang:train_val:29,D-Glu(OBzl)-Ala,train_val,-5.6912522000000001,CC(NC(=O)[C@@H](N)CCC(=O)OCc1ccccc1)C(=O)O
caco2_wang:train_val:30,N-Acetyl-D-alanyl-D-phenylalanine N-Methylamide (2),train_val,-5.7484403000000004,CNC(=O)[C@@H](Cc1ccccc1)NC(=O)[C@@H](C)NC(C)=O
caco2_wang:train_val:31,N-Acetyl-D-valyl-D-phenylalanine N-Methylamide (3a),train_val,-5.3900242,CNC(=O)[C@@H](Cc1ccccc1)NC(=O)[C@H](NC(C)=O)C(C)C
caco2_wang:train_val:32,D-Ser(Bzl)-Ala,train_val,-5.9906997999999998,CC(NC(=O)[C@@H](N)COCc1ccccc1)C(=O)O
caco2_wang:train_val:33,N-Acetyl-D-alanine Phenethylamide (8),train_val,-4.6095328000000002,CC(=O)N[C@H](C)C(=O)NCCc1ccccc1
caco2_wang:train_val:34,N-Acetyl-D-leucine Phenethylamide (10),train_val,-4.5132464999999984,CC(=O)N[C@H](CC(C)C)C(=O)NCCc1ccccc1
caco2_wang:train_val:35,174-Guanabenz,train_val,-4.3634119000000009,NC(N)=N/N=C/c1c(Cl)cccc1Cl
caco2_wang:train_val:36,285-Ephedrine,train_val,-4.9913997999999999,CN[C@@H](C)[C@@H](O)c1ccccc1
caco2_wang:train_val:37,Amphetamine sulfate,train_val,-4.3899999000000003,C[C@H](N)Cc1ccccc1
caco2_wang:train_val:38,OXe,train_val,-5.2199998000000001,CC(=O)NC(O)CNc1ccc(C(C)=O)cc1
caco2_wang:train_val:39,Ethylparaben,train_val,-4.8102907999999998,CCOC(=O)c1ccc(O)cc1
caco2_wang:train_val:40,Bisoprolol,train_val,-4.7600002000000003,CC(C)NCC(O)COc1ccc(COCCOC(C)C)cc1
caco2_wang:train_val:41,Methyl gallate,train_val,-5.3899999000000003,COC(=O)c1cc(O)c(O)c(O)c1
caco2_wang:train_val:42,Bupropion,train_val,-3.9519544,CC(NC(C)(C)C)C(=O)c1cccc(Cl)c1
caco2_wang:train_val:43,Epinephrine,train_val,-6.0188645999999997,CNCC(O)c1ccc(O)c(O)c1
caco2_wang:train_val:44,"(E)-4-(3,4-dimethoxyphenyl)but-3-en-1-yl linoleate (1)",train_val,-4.8498520999999997,CCCCC/C=C\C/C=C\CCCCCCCC(=O)OCC/C=C/c1ccc(OC)c(OC)c1
caco2_wang:train_val:45,"(E)-4-(3,4-dimethoxyphenyl)but-3-en-1-yl oleate (2)",train_val,-5.0101637999999999,CCCCCCCC/C=C\CCCCCCCC(=O)OCC/C=C/c1ccc(OC)c(OC)c1
caco2_wang:train_val:46,Compound D,train_val,-4.8428430999999996,COc1ccc(/C=C/CCO)cc1OC
caco2_wang:train_val:47,meloxicam,train_val,-4.71,Cc1cnc(NC(=O)C2=C(O)c3ccccc3S(=O)(=O)N2C)s1
caco2_wang:train_val:48,nadalol,train_val,-5.4109997999999999,CC(C)(C)NCC(O)COc1cccc2c1CC(O)C(O)C2
caco2_wang:train_val:49,Bilirubin,train_val,-6.1314830999999996,C=CC1=C(C)/C(=C\c2[nH]c(Cc3[nH]c(/C=C4/NC(=O)C(C)=C4C=C)c(C)c3CCC(=O)O)c(CCC(=O)O)c2C)NC1=O
caco2_wang:train_val:50,Bilirubin ditaurate,train_val,-6.0594678000000002,C=CC1=C(C)/C(=C\c2[nH]c(Cc3[nH]c(/C=C4/NC(=O)C(C)=C4C=C)c(C)c3CCC(=O)NCCS(=O)(=O)O)c(CCC(=O)NCCS(=O)(=O)O)c2C)NC1=O
caco2_wang:train_val:51,Reserpine,train_val,-5.3699999000000025,COC(=O)[C@H]1[C@H]2C[C@@H]3c4[nH]c5cc(OC)ccc5c4CCN3C[C@H]2C[C@@H](OC(=O)c2cc(OC)c(OC)c(OC)c2)[C@@H]1OC
caco2_wang:train_val:52,Rutaecarpine (RCP),train_val,-5.0582528,O=c1c2ccccc2nc2n1CCc1c-2[nH]c2ccccc12
caco2_wang:train_val:53,BILN-2061,train_val,-5.6599997999999996,COc1ccc2c(O[C@@H]3CC4C(=O)N[C@]5(C(=O)O)C[C@@H]5/C=C\CCCCC[C@H](NC(=O)OC5CCCC5)C(=O)N4C3)cc(-c3csc(NC(C)C)n3)nc2c1
caco2_wang:train_val:54,Olopatadine,train_val,-5.0100002000000003,CN(C)CC/C=C1/c2ccccc2COc2ccc(CC(=O)O)cc21
caco2_wang:train_val:55,DMXAA-G,train_val,-6.5199999999999996,Cc1ccc2c(=O)c3cccc(CC(=O)OC4OC(C(=O)O)[C@@H](O)[C@@H](O)[C@@H]4O)c3oc2c1C
caco2_wang:train_val:56,882-13i,train_val,-4.9846401,C[C@@H]1O[C@@H](c2ccc(N(O)O)cc2)OC[C@H]1NC(=O)Cc1ccccc1
caco2_wang:train_val:57,881-13h,train_val,-4.9920391999999998,C[C@@H]1O[C@@H](c2ccc(Cl)cc2)OC[C@H]1NC(=O)Cc1ccccc1
caco2_wang:train_val:58,247-Lobucavir,train_val,-6.0555171999999997,Nc1nc(=O)c2ncn([C@@H]3C[C@H](CO)[C@H]3CO)c2[nH]1
caco2_wang:train_val:59,Exemestane,train_val,-4.3299999000000016,C=C1C[C@@H]2[C@H](CC[C@]3(C)C(=O)CC[C@@H]23)[C@@]2(C)C=CC(=O)C=C12
caco2_wang:train_val:60,12g,train_val,-5.5514212000000001,Cn1cncc1CN(CCN(Cc1ccccc1)S(=O)(=O)c1ccccn1)c1ccc(C#N)cc1
caco2_wang:train_val:61,Piroxicam,train_val,-4.4490995,CN1C(C(=O)Nc2ccccn2)=C(O)c2ccccc2S1(=O)=O
caco2_wang:train_val:62,Tenidap,train_val,-4.3103647,NC(=O)n1c(O)c(C(=O)c2cccs2)c2cc(Cl)ccc21
caco2_wang:train_val:63,MEN14268,train_val,-5.0478787000000001,O=C(NC1(C(=O)N[C@@H](Cc2ccccc2)C(=O)NCCCN2CCOCC2)CCCC1)c1cc2ccccc2s1
caco2_wang:train_val:64,Simvastatin,train_val,-5.1700000999999984,CCC(C)(C)C(=O)O[C@@H]1C[C@H](C)C=C2C=C[C@@H](C)[C@@H](CC[C@@H]3C[C@H](O)CC(=O)O3)[C@@H]21
caco2_wang:train_val:65,Lovastatin,train_val,-4.8400002000000004,CCC(C)C(=O)OC1CC(C)C=C2C=CC(C)C(CCC3CC(O)CC(=O)O3)C21
caco2_wang:train_val:66,17d,train_val,-4.9186072000000003,CC(C)[C@@H](C(=O)N[C@H](C)Cc1ccc(O)c(C(C)(C)C)c1)N(C)C(=O)[C@@H](N)Cc1ccccc1
caco2_wang:train_val:67,Isoliquiritigenin (35),train_val,-4.8378239000000001,O=C(/C=C/c1ccc(O)cc1)c1ccc(O)cc1O
caco2_wang:train_val:68,MEN14732,train_val,-4.7399997999999997,O=C(NC1(C(=O)N[C@H](Cc2ccccc2)C(=O)NCCCN2CCOCC2)CCCC1)c1ccc(-c2ccccc2)cc1
caco2_wang:train_val:69,Emetine,train_val,-5.6900000999999998,CC[C@H]1CN2CCc3cc(OC)c(OC)cc3[C@@H]2C[C@@H]1C[C@H]1NCCc2cc(OC)c(OC)cc21
caco2_wang:train_val:70,Ajmaline (AML),train_val,-4.9387093000000002,CC[C@H]1[C@@H]2C[C@@H]3[C@@H]4N(C)c5ccccc5[C@]45C[C@@H](C2[C@@H]5O)N3[C@@H]1O
caco2_wang:train_val:71,loracarbef,train_val,-7.3400002000000004,N[C@@H](C(=O)N[C@@H]1C(=O)N2C(C(=O)O)=C(Cl)CC[C@H]12)c1ccccc1.O
caco2_wang:train_val:72,Loperamide HCl,train_val,-4.9699998000000001,CN(C)C(=O)C(CCN1CCC(O)(c2ccc(Cl)cc2)CC1)(c1ccccc1)c1ccccc1
caco2_wang:train_val:73,15j,train_val,-4.8569850999999984,COc1cccc(-n2c(=O)n(Cc3c(F)cccc3Br)c(=O)n(C[C@H](N)c3ccccc3)c2=O)c1F
caco2_wang:train_val:74,15f,train_val,-4.5917602000000004,COc1cccc(-n2c(=O)n(Cc3ccccc3C#N)c(=O)n(C[C@H](N)c3ccccc3)c2=O)c1F
caco2_wang:train_val:75,EF5249,train_val,-4.3099999000000002,Cc1oc(=O)oc1COC(=O)N1CCC(N2CCN(CC(=O)c3ccc(OCC(=O)OC4CCCCC4)cc3)C(=O)C2)CC1
caco2_wang:train_val:76,1,train_val,-4.9099997999999996,CN1C(=O)CC(N2CCN(CCCN3c4ccccc4Sc4ccc(CC(=O)O)cc43)CC2)N(C)C1=O
caco2_wang:train_val:77,Indinavir,train_val,-5.6900000999999998,CC(C)(C)NC(=O)[C@@H]1CN(Cc2cccnc2)CCN1C[C@@H](O)C[C@@H](Cc1ccccc1)C(=O)N[C@H]1c2ccccc2C[C@H]1O
caco2_wang:train_val:78,-,train_val,-3.8897051999999999,Fc1ccncc1
caco2_wang:train_val:79,-,train_val,-5.1900000999999998,O=C(O)c1ccncc1
caco2_wang:train_val:80,-,train_val,-4.5380535000000002,Nc1cccnc1
caco2_wang:train_val:81,-,train_val,-4.2782722,NC(=O)c1ccncc1
caco2_wang:train_val:82,-,train_val,-4.2202019999999996,Clc1ccncc1
caco2_wang:train_val:83,-,train_val,-4.0902224,OCc1ccncc1
caco2_wang:train_val:84,-,train_val,-4.0202254999999996,Nc1ccncc1
caco2_wang:train_val:85,-,train_val,-3.9723473,CCc1ccncc1
caco2_wang:train_val:86,Ethionamide,train_val,-4.4000000999999997,CCc1cc(C(N)=S)ccn1
caco2_wang:train_val:87,-,train_val,-3.9703081,c1ccncc1
caco2_wang:train_val:88,-,train_val,-3.9612867999999999,Cc1ccncc1
caco2_wang:train_val:89,-,train_val,-4.1805572999999994,O=Cc1ccncc1
caco2_wang:train_val:90,-,train_val,-4.1089525,Oc1ccncc1
caco2_wang:train_val:91,Cisapride,train_val,-4.5199999999999996,COc1cc(N)c(Cl)cc1C(=O)NC1CCN(CCCOc2ccc(F)cc2)CC1OC
caco2_wang:train_val:92,rapamycin,train_val,-4.96,CO[C@H]1C[C@@H]2CC[C@@H](C)[C@@](O)(O2)C(=O)C(=O)N2CCCC[C@H]2C(=O)O[C@H]([C@H](C)C[C@@H]2CC[C@@H](O)[C@H](OC)C2)CC(=O)[C@H](C)/C=C(\C)[C@@H](O)[C@@H](OC)C(=O)[C@H](C)C[C@H](C)/C=C/C=C/C=C/1C
caco2_wang:train_val:93,1,train_val,-5.387216099999999,CCCN(Cc1ccoc1)C(=O)c1cc(C)cc(OCC2(CON=C(N)N)CC2)c1
caco2_wang:train_val:94,danazol,train_val,-4.8400002000000004,C#C[C@]1(O)CC[C@H]2[C@@H]3CCC4=Cc5oncc5C[C@]4(C)[C@H]3CC[C@@]21C
caco2_wang:train_val:95,Danazol,train_val,-4.5614610000000004,C#C[C@@]1(O)CC[C@@H]2[C@H]3CCC4=Cc5oncc5C[C@@]4(C)[C@@H]3CC[C@]21C
caco2_wang:train_val:96,d-praeruptorin,train_val,-4.5799999000000016,C/C=C(\C)C(=O)O[C@H]1[C@@H](OC(C)=O)c2c(ccc3ccc(=O)oc23)OC1(C)C
caco2_wang:train_val:97,Lef53,train_val,-7.4317985000000002,NC(=O)[C@H](Cc1ccccc1)NC(=O)[C@H](Cc1ccccc1)NC(=O)[C@H](CCCN=C(N)N)NC(=O)[C@@H](N)Cc1ccc(O)cc1
caco2_wang:train_val:98,LEF553,train_val,-7.7600002000000003,N=C(N)NCCC[C@@H](NC(=O)[C@@H](N)Cc1ccc(O)cc1)C(=O)N[C@@H](Cc1ccccc1)C(=O)N[C@@H](Cc1ccccc1)C(N)=O
caco2_wang:train_val:99,Rhodamine 123 (Rho 123),train_val,-5.9411516000000004,COC(=O)c1ccccc1-c1c2ccc(=N)cc-2oc2cc(N)ccc12
caco2_wang:train_val:100,MMMDPB,train_val,-4.5,COCN1C(=O)NC(=O)C(c2ccccc2)(c2ccccc2)C1=O
caco2_wang:train_val:101,T2000,train_val,-4.4499997999999996,COCN1C(=O)N(COC)C(=O)C(c2ccccc2)(c2ccccc2)C1=O
caco2_wang:train_val:102,T2007,train_val,-4.46,O=C1NC(=O)C(c2ccccc2)(c2ccccc2)C(=O)N1
caco2_wang:train_val:103,PB-102,train_val,-5.1224694,CC(C)COC(=O)N1CCC(CN(C2Cc3cc(C#N)ccc3N(Cc3cncn3C)C2)S(=O)(=O)c2ccccn2)CC1
caco2_wang:train_val:104,PB-104,train_val,-5.5875134000000015,CCOC(=O)N1CCC(CN(C2Cc3cc(C#N)ccc3N(Cc3cncn3C)C2)S(=O)(=O)c2ccccn2)CC1
caco2_wang:train_val:105,DB377 (4),train_val,-5.2295737000000004,CCO/N=C(\N)c1ccc(-c2ccc(-c3ccc(/C(N)=N/OCC)cc3)o2)cc1
caco2_wang:train_val:106,"DB75 [2,5-bis(4-amidinophenyl)furan]",train_val,-6.4201082999999999,N=C(N)c1ccc(-c2ccc(-c3ccc(C(=N)N)cc3)o2)cc1
caco2_wang:train_val:107,10b,train_val,-5.3289509000000015,CC(C)(NC(=O)c1cc2ccccc2s1)C(=O)N[C@H](Cc1ccccc1)C(=O)NCCCN1CCOCC1
caco2_wang:train_val:108,Labetalol,train_val,-4.8950620000000002,CC(CCc1ccccc1)NCC(O)c1ccc(O)c(C(N)=O)c1
caco2_wang:train_val:109,Haloperidol,train_val,-4.71,O=C(CCCN1CCC(O)(c2ccc(Cl)cc2)CC1)c1ccc(F)cc1
caco2_wang:train_val:110,codeine,train_val,-4.0900002000000004,COc1ccc2c3c1O[C@H]1[C@@H](O)C=C[C@H]4[C@@H](C2)N(C)CC[C@]314
caco2_wang:train_val:111,Codeine,train_val,-4.2800001999999999,COc1ccc2c3c1OC1C(O)C=CC4C(C2)N(C)CCC341
caco2_wang:train_val:112,228-Raffinose,train_val,-7.3098039999999997,OC[C@H]1O[C@@](CO)(OC2O[C@H](COC3O[C@H](CO)[C@H](O)[C@H](O)[C@H]3O)[C@@H](O)[C@H](O)[C@H]2O)[C@@H](O)[C@@H]1O
caco2_wang:train_val:113,raffinose,train_val,-7.6199999000000016,OC[C@H]1O[C@@](CO)(O[C@H]2O[C@H](CO[C@H]3O[C@H](CO)[C@H](O)[C@H](O)[C@H]3O)[C@@H](O)[C@H](O)[C@H]2O)[C@@H](O)[C@@H]1O
caco2_wang:train_val:114,22,train_val,-5.8200002,O=C1NCC2(CCCNC2)c2[nH]c(-c3ccnc(-c4cc5ccccc5o4)n3)cc21
caco2_wang:train_val:115,Sulfasalazine,train_val,-6.5171175000000003,O=C(O)C1=C/C(=N\Nc2ccc(S(=O)(=O)Nc3ccccn3)cc2)C=CC1=O
caco2_wang:train_val:116,21c,train_val,-5.8519359,O=C(NC1(C(=O)N[C@H](Cc2ccccc2)C(=O)NCCCN2CCC(O)CC2)CCCC1)c1cc2ccccc2s1
caco2_wang:train_val:117,Loxoprofen,train_val,-4.3499999000000003,CC(C(=O)O)c1ccc(CC2CCCC2=O)cc1
caco2_wang:train_val:118,Xaliproden (SR57746),train_val,-4.7300000000000004,FC(F)(F)c1cccc(C2=CCN(CCc3ccc4ccccc4c3)CC2)c1
caco2_wang:train_val:119,CA-Leu-Enk,train_val,-6.4699998000000001,CC(C)C[C@H]1NC(=O)[C@@H](CC2CCCCC2)NC(=O)CNC(=O)[C@@H](C)NC(=O)[C@H](Cc2ccc(O)cc2)NC(=O)/C=C\c2ccccc2OC1=O
caco2_wang:train_val:120,11-keto-beta-boswellic acid (KBA),train_val,-5.8000002000000004,C[C@H]1C[C@@]2(C)C(=CC(=O)[C@@H]3[C@]4(C)CC[C@@H](O)[C@@](C)(C(=O)O)[C@H]4CC[C@]32C)[C@@H]2[C@@H](C)[C@H](C)CC[C@H]12
caco2_wang:train_val:121,Setrobuvir (ANA598),train_val,-5.8899999000000003,CS(=O)(=O)Nc1ccc2c(c1)S(=O)(=O)N/C(=C1\C(=O)[C@@H]3[C@H]4CC[C@H](C4)[C@@H]3N(Cc3ccc(F)cc3)C1=O)N2
caco2_wang:train_val:122,Lobucavir,train_val,-6.0555171999999997,Nc1nc(O)c2ncn([C@@H]3C[C@H](CO)[C@H]3CO)c2n1
caco2_wang:train_val:123,25a,train_val,-5.7697759000000008,O=C(NC1(C(=O)N[C@H](Cc2ccccc2)C(=O)NCCCC(=O)N2CCC(N3CCOCC3)CC2)CCCC1)c1cc2ccccc2s1
caco2_wang:train_val:124,Arzanol,train_val,-4.71,CCc1oc(O)c(Cc2c(O)c(CC=C(C)C)c(O)c(C(C)=O)c2O)c(=O)c1C
caco2_wang:train_val:125,AACV,train_val,-5.6900000999999998,C=C1NC(N)=Nc2c1ncn2COCCOC(=O)[C@@H](C)N
caco2_wang:train_val:126,VACV,train_val,-5.3499999000000003,C=C1NC(N)=Nc2c1ncn2COCCOC(=O)[C@H](N)C(C)C
caco2_wang:train_val:127,IACV,train_val,-5.6799998,C=C1NC(N)=Nc2c1ncn2COCCOC(=O)[C@H](N)[C@H](C)CC
caco2_wang:train_val:128,EACV,train_val,-5.8099999000000002,C=C1NC(N)=Nc2c1ncn2COCCOC(=O)CC[C@@H](N)C(=O)O
caco2_wang:train_val:129,SACV,train_val,-5.3299999000000016,C=C1NC(N)=Nc2c1ncn2COCCOC(=O)[C@H](N)CO
caco2_wang:train_val:130,neolignan smi02,train_val,-5.3400002000000004,C/C=C/c1cc(OC)c2c(c1)C(C)C(c1cc(OC)c(O)c(OC)c1)O2
caco2_wang:train_val:131,Ouabain,train_val,-6.9593033999999996,C[C@@H]1O[C@@H](O[C@H]2C[C@@H](O)[C@@]3(CO)[C@H]4[C@H](O)C[C@]5(C)[C@@H](C6=CC(=O)OC6)CC[C@]5(O)[C@@H]4CC[C@]3(O)C2)[C@H](O)[C@H](O)[C@H]1O
caco2_wang:train_val:132,cymarin,train_val,-5.6999997999999996,CO[C@H]1C[C@H](O[C@H]2CC[C@]3(C=O)[C@H]4CC[C@]5(C)[C@@H](C6=CC(=O)OC6)CC[C@]5(O)[C@@H]4CC[C@]3(O)C2)O[C@H](C)[C@H]1O
caco2_wang:train_val:133,ouabain,train_val,-7.2300000000000004,C[C@@H]1O[C@@H](O[C@H]2C[C@@H](O)[C@]3(CO)[C@H]4[C@H](O)C[C@]5(C)[C@@H](C6=CC(=O)OC6)CC[C@]5(O)[C@@H]4CC[C@]3(O)C2)[C@H](O)[C@H](O)[C@H]1O
caco2_wang:train_val:134,Cymarin,train_val,-5.5799999000000025,COC1CC(OC2CCC3(C=O)C4CCC5(C)C(C6=CC(=O)OC6)CCC5(O)C4CCC3(O)C2)OC(C)C1O
caco2_wang:train_val:135,YH439,train_val,-4.5100002000000003,Cc1csc(NC(=O)C(C(=O)OC(C)C)=C2SCS2)n1
caco2_wang:train_val:136,25e,train_val,-5.5693182999999999,O=C(NC1(C(=O)N[C@H](Cc2ccccc2)C(=O)NCCC(=O)N2CCN(CC3CCOCC3)CC2)CCCC1)c1cc2ccccc2s1
caco2_wang:train_val:137,Cycloastragenol,train_val,-4.5,CC1(C)C2[C@@H](O)C[C@@H]3C4(CC[C@]5(C)[C@@H]([C@]6(C)CC[C@H](C(C)(C)O)O6)[C@@H](O)C[C@@]35C)CC24CC[C@@H]1O
caco2_wang:train_val:138,2e,train_val,-4.5528421000000003,C[C@@H](NC(=O)C1(NC(=O)C(F)(F)F)CC1)c1ccc(-c2cc(Cl)ccc2-c2nnn(C)n2)cc1F
caco2_wang:train_val:139,2j,train_val,-4.5528421000000003,C[C@@H](NC(=O)C1(NC(=O)C(F)(F)F)CC1)c1ccc(-c2cc(Cl)cc(Cl)c2-c2nnn(C)n2)cc1F
caco2_wang:train_val:140,2k,train_val,-4.6382722999999997,C[C@@H](NC(=O)C1(NC(=O)C(F)(F)F)CC1)c1ccc(-c2cc(Cl)cc(F)c2-c2nnn(C)n2)cc1F
caco2_wang:train_val:141,Promazine,train_val,-4.3800000999999984,CN(C)CCCN1c2ccccc2Sc2ccccc21
caco2_wang:train_val:142,Promethazine,train_val,-3.7777721999999998,CC(CN1c2ccccc2Sc2ccccc21)N(C)C
caco2_wang:train_val:143,M1,train_val,-4.7799462999999998,CN(C)CC1CCCCC1(O)c1cccc(O)c1
caco2_wang:train_val:144,NS5B inhibitor 2,train_val,-4.9593034000000005,CC(C)CCn1c(=O)c(C2=NS(=O)(=O)c3ccccc3N2)c(O)c2cccn21
caco2_wang:train_val:145,Cefuroxime,train_val,-6.29,CON=C(C(=O)NC1C(=O)N2C(C(=O)O)=C(COC(N)=O)CSC12)c1ccco1
caco2_wang:train_val:146,Ginsenoside Rg1 (Rg1),train_val,-6.5883503000000001,CC(C)=CCC[C@](C)(O[C@@H]1O[C@@H](CO)[C@@H](O)[C@H](O)[C@H]1O)[C@H]1CC[C@]2(C)[C@@H]1[C@H](O)C[C@@H]1[C@@]3(C)CC[C@H](O)C(C)(C)[C@@H]3C(O[C@@H]3O[C@H](CO)[C@@H](O)[C@H](O)[C@H]3O)C[C@]12C
caco2_wang:train_val:147,Bicalutamide,train_val,-4.6599997999999996,CC(O)(CS(=O)(=O)c1ccc(F)cc1)C(=O)Nc1ccc(C#N)c(C(F)(F)F)c1
caco2_wang:train_val:148,CD27,train_val,-3.8199999,CCCCCCCCCC(=O)N1CCNCC1
caco2_wang:train_val:149,Thalidomide,train_val,-4.6999997999999996,O=C1CCC(N2C(=O)c3ccccc3C2=O)C(=O)N1
caco2_wang:train_val:150,Desloratadine,train_val,-4.0599998999999984,Clc1ccc2c(c1)CCc1cccnc1C2=C1CCNCC1
caco2_wang:train_val:151,Glipizide,train_val,-4.7199998000000001,Cc1cnc(C(=O)NCCc2ccc(S(=O)(=O)NC(=O)NC3CCCCC3)cc2)cn1
caco2_wang:train_val:152,4b,train_val,-5,CC(C)CNC(=O)[C@H](C)NC[C@H](Cc1ccccc1)NC(=O)c1cc(C(=O)N[C@H](C)c2ccc(F)cc2)cc(N(C)S(C)(=O)=O)c1
caco2_wang:train_val:153,tenoxicam,train_val,-4.6100000999999997,COc1cc2nc(N3CCN(C(=O)C4CCCO4)CC3)nc(N)c2cc1OC
caco2_wang:train_val:154,Thiamin (Vitamin B1),train_val,-5.2685814000000004,Cc1ncc(C[n+]2csc(CCO)c2C)c(N)n1
caco2_wang:train_val:155,Camazepam,train_val,-4.46,CN(C)C(=O)OC1N=C(c2ccccc2)c2cc(Cl)ccc2N(C)C1=O
caco2_wang:train_val:156,NK1NK2 analogue 104 (15f),train_val,-5.1382737000000001,COc1cc(C(=O)N2CC[C@](CCN3CCC(C(=O)N4CCN(C)CC4)(c4cccnc4)CC3)(c3ccc(Cl)c(Cl)c3)C2)cc(OC)c1OC
caco2_wang:train_val:157,PB-26,train_val,-5.6391362999999997,Cn1cncc1CN1CC(N(Cc2cccc(-n3cccc3)c2)S(=O)(=O)c2ccccn2)Cc2cc(C#N)ccc21
caco2_wang:train_val:158,Org 12962,train_val,-4.5999999000000003,FC(F)(F)c1ccc(N2CCNCC2)nc1Cl
caco2_wang:train_val:159,24,train_val,-5.6999997999999996,COc1cncc(-c2nccc(-c3cc4c([nH]3)C3(CCCNC3)CNC4=O)n2)c1
caco2_wang:train_val:160,25,train_val,-5.3800000999999975,COCCCOc1ccc(-c2nccc(-c3cc4c([nH]3)C3(CCCNC3)CNC4=O)n2)cn1
caco2_wang:train_val:161,27,train_val,-4.9099997999999996,Cn1c(N2CCN(CCCN3c4ccccc4Sc4ccc(CC(=O)O)cc43)CC2)cc(=O)n(C)c1=O
caco2_wang:train_val:162,29,train_val,-5.29,Cn1c(N2CCN(CCCN3c4ccccc4Sc4ccc(CCC(=O)O)cc43)CC2)cc(=O)n(C)c1=O
caco2_wang:train_val:163,21,train_val,-5,Cn1c(N2CCN(CCCN3c4ccccc4Sc4ccc(C(=O)O)cc43)CC2)cc(=O)n(C)c1=O
caco2_wang:train_val:164,SB209670,train_val,-5.2300000000000004,CCCOc1ccc2c(c1)[C@@H](c1ccc(OC)cc1OCC(=O)O)[C@H](C(=O)O)C2
caco2_wang:train_val:165,"Dimethyl-4',4'-dimethoxy-5,6,5',6'-dimethylene dioxybiphenyl-2,2'-dicarboxylate (DDB)",train_val,-4.1687455,COC(=O)c1cc(OC)c2c(c1-c1c(C(=O)OC)cc(OC)c3c1OCO3)OCO2
caco2_wang:train_val:166,Bicyclol,train_val,-4.7979398,COC(=O)c1cc(OC)c2c(c1-c1c(CO)cc(OC)c3c1OCO3)OCO2
caco2_wang:train_val:167,Fluorescein,train_val,-4.7699999999999996,O=C(O)c1ccccc1-c1c2ccc(=O)cc-2oc2cc(O)ccc12
caco2_wang:train_val:168,"EI analogue 101 (MDL 101,146)",train_val,-5.0984550000000004,CC(C)C(NC(=O)[C@@H]1CCCN1C(=O)[C@@H](NC(=O)c1ccc(C(=O)N2CCOCC2)cc1)C(C)C)C(=O)C(F)(F)C(F)(F)F
caco2_wang:train_val:169,tenidap,train_val,-4.5700002,NC(=O)N1C(=O)C(C(=O)c2cccs2)c2cc(Cl)ccc21
caco2_wang:train_val:170,Ketanserin,train_val,-4.4400000999999998,O=C(c1ccc(F)cc1)C1CCN(CCn2c(=O)[nH]c3ccccc3c2=O)CC1
caco2_wang:train_val:171,XM970,train_val,-5.1999997999999996,CCCCC(=O)NS(=O)(=O)c1ccccc1-c1ccc(Cn2c(CCC)nc(CC)c2C(=O)O)c(F)c1
caco2_wang:train_val:172,Lactulose,train_val,-6.5364393999999999,OC[C@@H]1O[C@@](O)(CO)[C@H](O)[C@H]1O[C@@H]1O[C@H](CO)[C@H](O)[C@H](O)[C@H]1O
caco2_wang:train_val:173,cyclo[Trp-Ala-Gly-Gly-Asp-Ala],train_val,-7.0307583999999999,CC1NC(=O)C(CC(=O)O)NC(=O)CNC(=O)CNC(=O)C(C)NC(=O)C(Cc2c[nH]c3ccccc23)NC1=O
caco2_wang:train_val:174,9,train_val,-4.6197885999999997,CC(C)CNC(=O)[C@H](C)NC[C@H](Cc1ccccc1)NC(=O)c1cc(CCC2C[C@@H]2C)cc(N(C)S(C)(=O)=O)c1
caco2_wang:train_val:175,368177,train_val,-4.9074507000000009,CNC(=O)C(c1ccc2nc(N)n(C3CCCC3)c2c1)c1ccccc1F
caco2_wang:train_val:176,Cytarabine (1),train_val,-6.0999999000000003,O=c1nc(O)ccn1[C@@H]1O[C@H](CO)[C@@H](O)[C@@H]1O
caco2_wang:train_val:177,5'-L-valyl-cytarabine (2),train_val,-5.2300000000000004,CC(C)[C@H](N)C(=O)OC[C@H]1O[C@@H](n2ccc(O)nc2=O)[C@@H](O)[C@@H]1O
caco2_wang:train_val:178,Brucine N-oxide (B-N),train_val,-5.46,COc1cc2c(cc1OC)[C@]13CC[N+]4([O-])CC5=CCO[C@@H]6CC(=O)N2[C@@H]1[C@@H]6[C@@H]5C[C@H]34
caco2_wang:train_val:179,"NK1NK2 analogue 105 (MDL 105,212)",train_val,-5.4105153000000001,COc1cc(C(=O)N2CC[C@](CCN3CCC(C(N)=O)(c4ccccc4)CC3)(c3ccc(Cl)c(Cl)c3)C2)cc(OC)c1OC
caco2_wang:train_val:180,methylscopolamine,train_val,-6.1599997999999996,C[N+]1(C)[C@H]2CC(OC(=O)[C@H](CO)c3ccccc3)C[C@H]1C1OC12.[Br-]
caco2_wang:train_val:181,Cepharanthine (CEP),train_val,-4.1877431999999999,COc1ccc2cc1Oc1ccc(cc1)CC1c3c(cc4c(c3Oc3cc5c(cc3OC)CCN(C)C5C2)OCO4)CCN1C
caco2_wang:train_val:182,Gefitinib,train_val,-4.4800000000000004,COc1cc2ncnc(Nc3ccc(F)c(Cl)c3)c2cc1OCCCN1CCOCC1
caco2_wang:train_val:183,Epimedin A,train_val,-6.4910722000000005,COc1ccc(-c2oc3c(CC=C(C)C)c(O[C@@H]4O[C@H](CO)[C@@H](O)[C@H](O)[C@H]4O)ccc3c(=O)c2O[C@@H]2O[C@H](CO)[C@@H](O)[C@H](O)[C@H]2O[C@@H]2O[C@@H](C)[C@H](O)[C@@H](O)[C@H]2O)cc1
caco2_wang:train_val:184,Epimedin B,train_val,-6.5595455000000005,COc1ccc(-c2oc3c(CC=C(C)C)c(O[C@@H]4O[C@H](CO)[C@@H](O)[C@H](O)[C@H]4O)cc(O)c3c(=O)c2O[C@H]2O[C@H](C)[C@@H](O)[C@H](O)[C@@H]2O[C@H]2OC[C@H](O)[C@@H](O)[C@@H]2O)cc1
caco2_wang:train_val:185,PNU200647,train_val,-4.6500000999999997,N/C(=N/O)c1ccc2[nH]c(-c3ccccn3)nc2c1
caco2_wang:train_val:186,PNU200603,train_val,-6.4699998000000001,N=C(N)c1ccc2[nH]c(-c3ccccn3)nc2c1
caco2_wang:train_val:187,PNU 200603,train_val,-6.4579659000000005,N=C(N)c1ccc2nc(-c3ccccn3)[nH]c2c1
caco2_wang:train_val:188,Zolpidem,train_val,-4.5,Cc1ccc(-c2nc3ccc(C)cn3c2CC(=O)N(C)C)cc1
caco2_wang:train_val:189,Chloroquine,train_val,-4.5500002000000004,CCN(CC)CCCC(C)Nc1ccnc2cc(Cl)ccc12
caco2_wang:train_val:190,6MAQH (W2),train_val,-4.8496218000000004,O=C(CS)NCCCCCC(=O)Nc1cccc2cccnc12
caco2_wang:train_val:191,795-Coptisine chloride (COP),train_val,-4.9574246000000004,[Cl-].c1c2c(cc3c1OCO3)-c1cc3ccc4c(c3c[n+]1CC2)OCO4
caco2_wang:train_val:192,5'-L-phenylalanyl-cytarabine (5),train_val,-5.6999997999999996,N[C@@H](Cc1ccccc1)C(=O)OC[C@H]1O[C@@H](n2ccc(O)nc2=O)[C@@H](O)[C@@H]1O
caco2_wang:train_val:193,4,train_val,-4.9586072000000003,CN(C(=O)[C@H](Cc1ccc(CN)cc1)NS(=O)(=O)c1ccc2ccccc2c1)C1CCCC1
caco2_wang:train_val:194,2,train_val,-6.6989698000000004,CN(C(=O)[C@H](Cc1ccc(C(=N)N)cc1)NS(=O)(=O)c1ccc2ccccc2c1)C1CCCC1
caco2_wang:train_val:195,imipramine,train_val,-4.8509998000000003,CN(C)CCCN1c2ccccc2CCc2ccccc21
caco2_wang:train_val:196,Cyclo(-PFwKTF-) (1),train_val,-6.2209244000000004,C[C@@H](O)[C@@H]1NC(=O)[C@H](CCCCN)NC(=O)[C@@H](Cc2c[nH]c3ccccc23)NC(=O)[C@H](Cc2ccccc2)NC(=O)[C@@H]2CCCN2C(=O)[C@H](Cc2ccccc2)NC1=O
caco2_wang:train_val:197,Cyclo(-PFwKTMeF-) (3),train_val,-6.3005152000000004,C[C@@H](O)[C@@H]1NC(=O)[C@H](CCCCN)NC(=O)[C@@H](Cc2c[nH]c3ccccc23)NC(=O)[C@H](Cc2ccccc2)NC(=O)[C@@H]2CCCN2C(=O)[C@H](Cc2ccccc2)N(C)C1=O
caco2_wang:train_val:198,Cyclo(-PFMewKTF-) (4),train_val,-6.3989700999999997,C[C@@H](O)[C@@H]1NC(=O)[C@H](CCCCN)NC(=O)[C@@H](Cc2c[nH]c3ccccc23)N(C)C(=O)[C@H](Cc2ccccc2)NC(=O)[C@@H]2CCCN2C(=O)[C@H](Cc2ccccc2)NC1=O
caco2_wang:train_val:199,Cyclo(-PFMewMeKTF-) (6),train_val,-6.7423639000000009,C[C@@H](O)[C@@H]1NC(=O)[C@H](CCCCN)N(C)C(=O)[C@@H](Cc2c[nH]c3ccccc23)N(C)C(=O)[C@H](Cc2ccccc2)NC(=O)[C@@H]2CCCN2C(=O)[C@H](Cc2ccccc2)NC1=O
caco2_wang:train_val:200,Cyclo(-PFMewKTMeF-) (7),train_val,-6.5700002000000008,C[C@@H](O)[C@@H]1NC(=O)[C@H](CCCCN)N(C)C(=O)[C@@H](Cc2c[nH]c3ccccc23)NC(=O)[C@H](Cc2ccccc2)NC(=O)[C@@H]2CCCN2C(=O)[C@H](Cc2ccccc2)N(C)C1=O
caco2_wang:train_val:201,PNU-184148,train_val,-4.4308991000000004,O=C(CO)N1CCN(c2ccc(N3C[C@H](CNC(=S)C4CC4)OC3=O)cc2F)CC1
caco2_wang:train_val:202,sulfadiazine,train_val,-4.75,Nc1ccc(S(=O)(=O)Nc2ncccn2)cc1
caco2_wang:train_val:203,PNU-100766,train_val,-4.6788902000000006,CC(=O)NC[C@H]1CN(c2ccc(N3CCOCC3)c(F)c2)C(=O)O1
caco2_wang:train_val:204,60a,train_val,-4.5900002000000004,COc1ccc2c(O[C@@H]3C[C@H]4C(=O)N[C@]5(C(=O)NS(=O)(=O)C6CC6)C[C@H]5/C=C\CCCCCN(C)C(=O)[C@@H]4C3)nc(-c3ccccc3)nc2c1C
caco2_wang:train_val:205,67c,train_val,-4.4899997999999997,COc1ccc2c(O[C@H]3C[C@H]4C(=O)NCCCCC/C=C\[C@@H]5C[C@@]5(C(=O)NS(=O)(=O)C5CC5)NC(=O)[C@@H]4C3)nc(-c3ccc(F)cc3)nc2c1C
caco2_wang:train_val:206,PNU-184470,train_val,-4.6391362999999997,CC(=S)NC[C@H]1CN(c2ccc(N3CCCS(=O)(=O)CC3)c(F)c2)C(=O)O1
caco2_wang:train_val:207,Prazocin,train_val,-4.8899999000000003,COc1cc2nc(N3CCN(C(=O)c4occc4Cl)CC3)nc(N)c2cc1OC
caco2_wang:train_val:208,prazosin,train_val,-4.9870000000000001,COc1cc2nc(N3CCN(C(=O)c4ccco4)CC3)nc(N)c2cc1OC
caco2_wang:train_val:209,EF5248,train_val,-4.3499999000000003,CCCCOC(=O)COc1ccc(C(=O)CN2CCN(C3CCN(C(=O)OCc4oc(=O)oc4C)CC3)CC2=O)cc1
caco2_wang:train_val:210,MEN15366,train_val,-5.4094677000000004,O=C(NC1(C(=O)N[C@H](Cc2ccccc2)C(=O)NCCC2CCN(CC3CCOCC3)CC2)CCCC1)c1cc2ccccc2s1
caco2_wang:train_val:211,Lithospermic acid (LSA),train_val,-7.0891552000000004,O=C(/C=C/c1ccc(O)c2c1C(C(=O)O)C(c1ccc(O)c(O)c1)O2)OC(Cc1ccc(O)c(O)c1)C(=O)O
caco2_wang:train_val:212,13,train_val,-5.1199999000000016,CN1C(=O)CC(N2CCN(CCCN3c4ccccc4COc4ccc(C(=O)O)cc43)CC2)N(C)C1=O
caco2_wang:train_val:213,13c,train_val,-5.5199999999999996,CN1C(=O)CC(N2CCN(CCCN3c4ccccc4COc4ccc(CC(=O)O)cc43)CC2)N(C)C1=O
caco2_wang:train_val:214,VLA-4 antagonist 2,train_val,-5.3699999000000025,CCOC(=O)[C@H](Cc1ccc(OC(=O)N(C)C)cc1)NC(=O)[C@H]1N(S(=O)(=O)c2cnn(C)c2)CSC1(C)C
caco2_wang:train_val:215,VLA-4 antagonist 3,train_val,-5.1700000999999984,CC(C)OC(=O)[C@H](Cc1ccc(OC(=O)N(C)C)cc1)NC(=O)[C@H]1N(S(=O)(=O)c2cnn(C)c2)CSC1(C)C
caco2_wang:train_val:216,VLA-4 antagonist 4,train_val,-5.3400002000000004,CN(C)C(=O)Oc1ccc(C[C@H](NC(=O)[C@H]2N(S(=O)(=O)c3cnn(C)c3)CSC2(C)C)C(=O)OCC(C)(C)C)cc1
caco2_wang:train_val:217,VLA-4 antagonist 5,train_val,-5.5999999000000003,CN(C)C(=O)Oc1ccc(C[C@H](NC(=O)[C@H]2N(S(=O)(=O)c3cnn(C)c3)CSC2(C)C)C(=O)OCOC(=O)C(C)(C)C)cc1
caco2_wang:train_val:218,VLA-4 antagonist 6,train_val,-5.6900000999999998,COCCOCCOC(=O)[C@H](Cc1ccc(OC(=O)N(C)C)cc1)NC(=O)[C@H]1N(S(=O)(=O)c2cnn(C)c2)CSC1(C)C
caco2_wang:train_val:219,omeprazole,train_val,-4.1700001000000002,COc1ccc2[nH]c(S(=O)Cc3ncc(C)c(OC)c3C)nc2c1
caco2_wang:train_val:220,lansoprazole,train_val,-4.1100001000000015,Cc1c(OCC(F)(F)F)ccnc1CS(=O)c1nc2ccccc2[nH]1
caco2_wang:train_val:221,Verapamil,train_val,-4.961279900000001,COc1ccc(CCN(C)CCC[C@](C#N)(c2ccc(OC)c(OC)c2)C(C)C)cc1OC
caco2_wang:train_val:222,verapamil,train_val,-4.5799999000000016,COc1ccc(CCN(C)CCCC(C#N)(c2ccc(OC)c(OC)c2)C(C)C)cc1OC
caco2_wang:train_val:223,DMP 851,train_val,-5.6788902000000006,CCCCN1C(=O)N(Cc2ccc3[nH]nc(N)c3c2)[C@H](Cc2ccccc2)[C@H](O)[C@@H](O)[C@H]1Cc1ccccc1
caco2_wang:train_val:224,Raloxifene HCl,train_val,-5.7227535000000005,O=C(c1ccc(OCCN2CCCCC2)cc1)c1c(-c2ccc(O)cc2)sc2cc(O)ccc12
caco2_wang:train_val:225,-,train_val,-3.8880284000000001,c1ccc(-c2cccnc2)cc1
caco2_wang:train_val:226,Teniposide,train_val,-6.0500002000000004,COc1cc([C@@H]2c3cc4c(cc3[C@@H](OC3OC5COC(c6cccs6)OC5C(O)C3O)[C@H]3COC(=O)[C@H]23)OCO4)cc(OC)c1O
caco2_wang:train_val:227,36,train_val,-4.8289509000000015,Cn1c(C2=CCN(CCCN3c4ccccc4Sc4ccc(CC(=O)O)cc43)CC2)cc(=O)n(C)c1=O
caco2_wang:train_val:228,II,train_val,-4.1799998,CC(C)C[C@H](O)[C@H](O)[C@H](CC1CCCCC1)NC(=O)OC(C)(C)C
caco2_wang:train_val:229,XP13512,train_val,-4.5093192999999996,CC(OC(=O)NCC1(CC(=O)O)CCCCC1)OC(=O)C(C)C
caco2_wang:train_val:230,PNU-179450,train_val,-4.4308991000000004,CCC(=O)NC[C@H]1CN(c2ccc(-c3nncs3)c(F)c2)C(=O)O1
caco2_wang:train_val:231,PNU-182347,train_val,-4.8219547,CC(=S)NC[C@H]1CN(c2ccc(-c3nnc(CN)s3)c(F)c2)C(=O)O1
caco2_wang:train_val:232,PNU-182945,train_val,-4.7697759000000008,CNCc1nnc(-c2ccc(N3C[C@H](CNC(C)=S)OC3=O)cc2F)s1
caco2_wang:train_val:233,PNU-241028,train_val,-5.6198940000000004,CC(=S)NC[C@H]1CN(c2ccc(-c3nnc(CNS(C)(=O)=O)s3)c(F)c2)C(=O)O1
caco2_wang:train_val:234,PNU-179962,train_val,-5.2509059999999996,CC(=O)NC[C@H]1CN(c2ccc(-c3nnc(CC/C(C)=N\O)s3)c(F)c2)C(=O)O1
caco2_wang:train_val:235,CA-DADLE,train_val,-5.8800000999999975,CC(C)C[C@H]1NC(=O)[C@@H](Cc2ccccc2)NC(=O)CNC(=O)[C@@H](C)NC(=O)[C@H](Cc2ccc(O)cc2)NC(=O)/C=C\c2ccccc2OC1=O
caco2_wang:train_val:236,OXh,train_val,-5.6999997999999996,CC(=O)NCC1CN(c2ccc(C(C)O)cc2)C(=O)N1
caco2_wang:train_val:237,"Maraviroc (UK-427,857)",train_val,-6,Cc1nnc(C(C)C)n1C1CC2CCC(C1)N2CC[C@H](NC(=O)C1CCC(F)(F)CC1)c1ccccc1
caco2_wang:train_val:238,fluparoxan,train_val,-4.0999998999999994,Fc1cccc2c1O[C@H]1CNC[C@@H]1O2
caco2_wang:train_val:239,Fluparoxan (GR50360A),train_val,-3.7294849999999999,Fc1cccc2c1O[C@H]1CNC[C@H]1O2
caco2_wang:train_val:240,32h,train_val,-4.9204097000000004,COc1ccc2c(O[C@@H]3C[C@H]4C(=O)N[C@]5(C(=O)NS(=O)(=O)C6CC6)C[C@H]5/C=C\CCCCN(C)C(=O)[C@@H]4C3)cc(-c3cccc(C(C)C)n3)nc2c1C
caco2_wang:train_val:241,25f,train_val,-5.8880280999999997,O=C(NC1(C(=O)N[C@H](Cc2ccccc2)C(=O)NCCC(=O)N2CCN(C3CCOCC3)CC2)CCCC1)c1cc2ccccc2s1
caco2_wang:train_val:242,23,train_val,-5.8005152000000004,Cn1c(N2CCCN(CCCN3c4ccccc4Sc4cccc(C(=O)O)c43)CC2)cc(=O)n(C)c1=O
caco2_wang:train_val:243,22,train_val,-4.8289509000000015,Cn1c(N2CCCN(CCCN3c4ccccc4Sc4ccc(C(=O)O)cc43)CC2)cc(=O)n(C)c1=O
caco2_wang:train_val:244,24,train_val,-5.8005152000000004,Cn1c(N2CCCN(CCCN3c4ccccc4Sc4c(C(=O)O)cccc43)CC2)cc(=O)n(C)c1=O
caco2_wang:train_val:245,31,train_val,-5.1599997999999996,CC(C(=O)O)c1ccc2c(c1)N(CCCN1CCCN(c3cc(=O)n(C)c(=O)n3C)CC1)c1ccccc1S2
caco2_wang:train_val:246,28,train_val,-5.2600002000000003,Cn1c(N2CCCN(CCCN3c4ccccc4Sc4ccc(CC(=O)O)cc43)CC2)cc(=O)n(C)c1=O
caco2_wang:train_val:247,30,train_val,-5.1100000999999997,Cn1c(N2CCCN(CCCN3c4ccccc4Sc4ccc(CCC(=O)O)cc43)CC2)cc(=O)n(C)c1=O
caco2_wang:train_val:248,32,train_val,-5,Cn1c(N2CCCN(CCCN3c4ccccc4Sc4ccc(C(C)(C)C(=O)O)cc43)CC2)cc(=O)n(C)c1=O
caco2_wang:train_val:249,34,train_val,-5.8005152000000004,Cn1c(N2CCCN(CCCN3c4ccccc4Sc4ccc(OCC(=O)O)cc43)CC2)cc(=O)n(C)c1=O
caco2_wang:train_val:250,35,train_val,-4.6493707000000004,Cn1c(N2CCCN(CCCN3c4ccccc4Sc4ccc(/C=C/C(=O)O)cc43)CC2)cc(=O)n(C)c1=O
caco2_wang:train_val:251,Evodiamine (EDM),train_val,-4.6322559999999999,CN1c2ccccc2C(=O)N2CCc3c([nH]c4ccccc34)C21
caco2_wang:train_val:252,Triazolam,train_val,-4.5500002000000004,Cc1nnc2n1-c1ccc(Cl)cc1C(c1ccccc1Cl)=NC2
caco2_wang:train_val:253,Cycloserine,train_val,-5.4400000999999998,NC1CONC1=O
caco2_wang:train_val:254,a,train_val,-5.8899999000000003,O=C(O)CC(CC1CCN(C(=O)CCc2ccc3c(n2)NCCC3)CC1)c1cnc2ccccc2c1
caco2_wang:train_val:255,Isoxicam,train_val,-4.6100000999999997,Cc1cc(NC(O)=C2C(=O)c3ccccc3S(=O)(=O)N2C)no1
caco2_wang:train_val:256,Mebendazole,train_val,-4.5100002000000003,COC(=O)Nc1nc2ccc(C(=O)c3ccccc3)cc2[nH]1
caco2_wang:train_val:257,EF5292,train_val,-4.4400000999999998,CC(C)(C)C(=O)OCOC(=O)N1CCC(N2CCN(CC(=O)c3ccc(OCC(=O)OC4CCCCC4)cc3)C(=O)C2)CC1
caco2_wang:train_val:258,preladenant,train_val,-5.3499999000000003,COCCOc1ccc(N2CCN(CCn3ncc4c3nc(N)n3nc(-c5ccco5)nc43)CC2)cc1
caco2_wang:train_val:259,Sorivudine (BVaraU),train_val,-5.3899999000000003,O=c1[nH]c(=O)n([C@@H]2O[C@H](CO)[C@@H](O)[C@@H]2O)cc1/C=C/Br
caco2_wang:train_val:260,5'-L-isoleucyl-floxuridine,train_val,-5.5908804000000005,CCC(C)C(N)C(=O)OC[C@@H]1O[C@H](n2cc(F)c(=O)[nH]c2=O)C[C@H]1O
caco2_wang:train_val:261,Netivudine (882C87),train_val,-5.1687455,CC#Cc1cn([C@@H]2O[C@H](CO)[C@@H](O)[C@@H]2O)c(=O)[nH]c1=O
caco2_wang:train_val:262,5'-L-leucyl-L-glycyl-floxuridine,train_val,-5.4206805000000005,CC(C)CC(N)C(=O)NCC(=O)OC[C@@H]1O[C@H](n2cc(F)c(=O)[nH]c2=O)C[C@H]1O
caco2_wang:train_val:263,5'-L-Val-FUdR,train_val,-5.29,CC(C)C(N)C(=O)OC[C@@H]1O[C@H](n2cc(F)c(=O)[nH]c2=O)C[C@H]1O
caco2_wang:train_val:264,5'-L-Leu-FUdR,train_val,-6.0100002000000003,CC(C)[C@H](N)C(=O)OC[C@@H]1O[C@H](n2cc(F)c(=O)[nH]c2=O)C[C@H]1O
caco2_wang:train_val:265,5'-L-glycyl-L-leucyl-floxuridine,train_val,-5.2006744999999999,CC(C)CC(NC(=O)CN)C(=O)OC[C@@H]1O[C@H](n2cc(F)c(=O)[nH]c2=O)C[C@H]1O
caco2_wang:train_val:266,zidovudine,train_val,-5.0599999000000002,Cc1cn([C@H]2C[C@H](N=[N+]=[N-])[C@@H](CO)O2)c(=O)[nH]c1=O
caco2_wang:train_val:267,BVaraU,train_val,-5.3989700999999997,O=c1[nH]c(=O)n([C@H]2O[C@@H](CO)[C@H](O)[C@H]2O)cc1/C=C/Br
caco2_wang:train_val:268,5'-L-Asp-FUdR,train_val,-6.4899997999999997,NC(CC(=O)O)C(=O)OC[C@@H]1O[C@H](n2cc(F)c(=O)[nH]c2=O)C[C@H]1O
caco2_wang:train_val:269,107-zidovudine,train_val,-5.1850867000000003,Cc1cn([C@H]2C[C@H]([N-][NH+]=N)[C@@H](CO)O2)c(=O)[nH]c1=O
caco2_wang:train_val:270,3'-L-Ile-FUdR,train_val,-5.5599999000000002,CC[C@H](C)[C@H](N)C(=O)O[C@@H]1C[C@@H](n2cc(F)c(=O)[nH]c2=O)O[C@H]1CO
caco2_wang:train_val:271,Remikiren (Ro 42-5892),train_val,-6.1300907000000002,CC(C)(C)S(=O)(=O)C[C@H](Cc1ccccc1)C(=O)N[C@@H](Cc1cnc[nH]1)C(=O)N[C@H](CC1CCCCC1)[C@@H](O)[C@H](O)C1CC1
caco2_wang:train_val:272,Metolazone,train_val,-5.3049202000000015,Cc1ccccc1N1C(=O)c2cc(S(N)(=O)=O)c(Cl)cc2N[C@H]1C
caco2_wang:train_val:273,metolazone,train_val,-5.21,Cc1ccccc1N1C(=O)c2cc(S(N)(=O)=O)c(Cl)cc2NC1C
caco2_wang:train_val:274,Fleroxacin,train_val,-4.8099742000000001,CN1CCN(c2c(F)cc3c(=O)c(C(=O)O)cn(CCF)c3c2F)CC1
caco2_wang:train_val:275,Lomefloxacin,train_val,-4.8000002000000004,CCn1cc(C(=O)O)c(=O)c2cc(F)c(N3CCNC(C)C3)c(F)c21
caco2_wang:train_val:276,6,train_val,-4.9699998000000001,COC(=O)C[C@@H](C(=O)NN(Cc1ccc(Br)cc1)C[C@@](O)(Cc1ccccc1)C(=O)NC1CCOC1)C(C)(C)C
caco2_wang:train_val:277,32,train_val,-5.3400002000000004,O=C(Nc1ccc(C(F)(F)F)c(Cl)c1)c1ccnn1CCc1ccncc1
caco2_wang:train_val:278,N-(4-Chlorophenyl)-1-(2-(pyridin-4-yl)ethyl)-1H-pyrazole-5-carboxamide (11),train_val,-5.1590075000000004,O=C(Nc1ccc(Cl)cc1)c1ccnn1CCc1ccncc1
caco2_wang:train_val:279,19,train_val,-5.0116142999999997,CCc1ccc(NC(=O)c2ccnn2CCc2ccncc2)cc1
caco2_wang:train_val:280,20,train_val,-5.1515225999999998,O=C(Nc1ccc(OC(F)(F)F)cc1)c1ccnn1CCc1ccncc1
caco2_wang:train_val:281,N-(4-(Chlorodifluoromethoxy)phenyl)-1-(2-(pyridin-4-yl)ethyl)-1H-pyrazole-5-carboxamide (22),train_val,-5.3275695000000001,O=C(Nc1ccc(OC(F)(F)Cl)cc1)c1ccnn1CCc1ccncc1
caco2_wang:train_val:282,N-(4-tert-Butylphenyl)-1-(2-(pyridin-4-yl)ethyl)-1H-pyrazole-5-carboxamide (23),train_val,-5.1295055999999999,CC(C)(C)c1ccc(NC(=O)c2ccnn2CCc2ccncc2)cc1
caco2_wang:train_val:283,24,train_val,-5.0886234999999997,CC(C)c1ccc(NC(=O)c2ccnn2CCc2ccncc2)cc1
caco2_wang:train_val:284,Naringin,train_val,-6.8200002000000008,C[C@@H]1O[C@@H](O[C@H]2[C@H](Oc3cc(O)c4c(c3)O[C@H](c3ccc(O)cc3)CC4=O)O[C@H](CO)[C@@H](O)[C@@H]2O)[C@H](O)[C@H](O)[C@H]1O
caco2_wang:train_val:285,Levofloxacin,train_val,-4.5500002000000004,C[C@H]1COc2c(N3CCN(C)CC3)c(F)cc3c(=O)c(C(=O)O)cn1c23
caco2_wang:train_val:286,Sulfasalamide,train_val,-5.7088717999999998,NC(=O)Cc1cc(/N=N/c2ccc(S(=O)(=O)Nc3ccccn3)cc2)ccc1O
caco2_wang:train_val:287,sulfasalazine,train_val,-5.378171,O=C(O)c1cc(/N=N/c2ccc(S(=O)(=O)Nc3ccccn3)cc2)ccc1O
caco2_wang:train_val:288,49,train_val,-5.7447276,O=C(N[C@@H]1CCOC[C@@H]1C(=O)NO)c1ccc(Cc2c(C(F)(F)F)nn3ccccc23)cc1
caco2_wang:train_val:289,48,train_val,-5.3665314000000004,CC(C)(C)c1nn2ccccc2c1Cc1ccc(C(=O)N[C@@H]2CCOC[C@@H]2C(=O)NO)cc1
caco2_wang:train_val:290,"18 (5R,S)",train_val,-5.6319546999999996,Cc1cc(COc2ccc(C(=O)N[C@@H]3C[C@@]4(CCCO4)C[C@@H]3C(=O)NO)cc2)c2ccccc2n1
caco2_wang:train_val:291,2d,train_val,-4.5086384000000015,Cc1nc(-c2ccc(Cl)cc2-c2ccc([C@@H](C)NC(=O)C3(NC(=O)C(F)(F)F)CC3)c(F)c2)no1
caco2_wang:train_val:292,2i,train_val,-4.6382722999999997,Cc1nc(-c2c(Cl)cc(Cl)cc2-c2ccc([C@@H](C)NC(=O)C3(NC(=O)C(F)(F)F)CC3)c(F)c2)no1
caco2_wang:train_val:293,Lobucavir,train_val,-6.0599999000000002,Nc1nc2c(ncn2C2[C@@H](CO)C[C@@H]2CO)c(=O)[nH]1
caco2_wang:train_val:294,Sulfamethizole,train_val,-5.8393164000000004,Cc1nnc(NS(=O)(=O)c2ccc(N)cc2)s1
caco2_wang:train_val:295,12,train_val,-6.2399997999999997,COCCOCCOCC(=O)Nc1ccc(S(=O)(=O)Nc2nncs2)cc1
caco2_wang:train_val:296,13,train_val,-5.46,CCCCCCCCCC(=O)Nc1ccc(S(=O)(=O)Nc2nncs2)cc1
caco2_wang:train_val:297,14,train_val,-5.3200002,CCCCCCCCCCCCc1ccc(S(=O)(=O)Nc2nncs2)cc1
caco2_wang:train_val:298,MEN15353,train_val,-5.0700002,O=C(NC1(C(=O)N[C@H](Cc2ccccc2)C(=O)NC2CCN(CC3CCOCC3)CC2)CCCC1)c1cc2ccccc2s1
caco2_wang:train_val:299,BMS 189664,train_val,-6.5611247999999991,CS(=O)(=O)N[C@H](Cc1ccccc1)C(=O)N1CCC[C@H]1C(=O)NCC1CCN(C(=N)N)CC1
caco2_wang:train_val:300,20E 22-methyl ether (4),train_val,-4.79,CO[C@H](CCC(C)(C)O)[C@](C)(O)[C@H]1CC[C@@]2(O)C3=CC(=O)[C@@H]4C[C@@H](O)[C@@H](O)C[C@@]4(C)C3CC[C@]12C
caco2_wang:train_val:301,PoA 2-methyl ether (16),train_val,-4.6999997999999996,CO[C@H]1C[C@]2(C)C3CC[C@]4(C)[C@@H]([C@@](C)(O)[C@H](O)CCC(C)C)CC[C@@]4(O)C3=CC(=O)[C@@H]2C[C@H]1O
caco2_wang:train_val:302,PoA 3.22-dimethyl ether (20),train_val,-4.5380535000000002,CO[C@@H]1C[C@H]2C(=O)C=C3C(CC[C@]4(C)[C@@H]([C@@](C)(O)[C@@H](CCC(C)C)OC)CC[C@@]34O)[C@]2(C)C[C@@H]1O
caco2_wang:train_val:303,Ponasterone A (26),train_val,-4.7199998000000001,CC(C)CC[C@@H](O)[C@](C)(O)[C@H]1CC[C@@]2(O)C3=CC(=O)[C@@H]4C[C@@H](O)[C@@H](O)C[C@@]4(C)C3CC[C@]12C
caco2_wang:train_val:304,20E 22-ethyl ether (5),train_val,-4.8600000999999997,CCO[C@H](CCC(C)(C)O)[C@](C)(O)[C@H]1CC[C@@]2(O)C3=CC(=O)[C@@H]4C[C@@H](O)[C@@H](O)C[C@@]4(C)C3CC[C@]12C
caco2_wang:train_val:305,20E 22-allyl ether (7),train_val,-4.6900000999999998,C=CCO[C@H](CCC(C)(C)O)[C@](C)(O)[C@H]1CC[C@@]2(O)C3=CC(=O)[C@@H]4C[C@@H](O)[C@@H](O)C[C@@]4(C)C3CC[C@]12C
caco2_wang:train_val:306,20E 25-methyl ether (10),train_val,-4.7600002000000003,COC(C)(C)CC[C@@H](O)[C@](C)(O)[C@H]1CC[C@@]2(O)C3=CC(=O)[C@@H]4C[C@@H](O)[C@@H](O)C[C@@]4(C)C3CC[C@]12C
caco2_wang:train_val:307,PoA 22-methyl ether (18),train_val,-4.5799999000000016,CO[C@H](CCC(C)C)[C@](C)(O)[C@H]1CC[C@@]2(O)C3=CC(=O)[C@@H]4C[C@@H](O)[C@@H](O)C[C@@]4(C)C3CC[C@]12C
caco2_wang:train_val:308,20-Hydroxyecdysone (25),train_val,-4.79,CC(C)(O)CC[C@@H](O)[C@](C)(O)[C@H]1CC[C@@]2(O)C3=CC(=O)[C@@H]4C[C@@H](O)[C@@H](O)C[C@@]4(C)C3CC[C@]12C
caco2_wang:train_val:309,Muristerone A (28),train_val,-4.9000000999999997,CC(C)CC[C@@H](O)[C@](C)(O)[C@H]1CC[C@@]2(O)C3=CC(=O)[C@]4(O)C[C@@H](O)[C@@H](O)C[C@@]4(C)C3[C@@H](O)C[C@]12C
caco2_wang:train_val:310,PNU-93936A,train_val,-4.29,CC(=O)NCC1CN(c2cc(F)c(-c3ccncc3)c(F)c2)C(=O)O1
caco2_wang:train_val:311,(Z)-19c,train_val,-5.0700002,CN1C(=O)CC(N2CCN(CC/C=C3/c4ccccc4COc4ccc(C(=O)O)cc43)CC2)N(C)C1=O
caco2_wang:train_val:312,(E-Z)-19a,train_val,-5.1399999000000003,CN1C(=O)CC(N2CCN(CC/C=C3/c4ccccc4COc4ccc(CC(=O)O)cc43)CC2)N(C)C1=O
caco2_wang:train_val:313,1-naphthol,train_val,-4.4899997999999997,Oc1cccc2ccccc12
caco2_wang:train_val:314,naproxen,train_val,-4.6599997999999996,COc1ccc2cc([C@H](C)C(=O)O)ccc2c1
caco2_wang:train_val:315,naproxen sodium,train_val,-4.3299999000000016,COc1ccc2cc(C(C)C(=O)[O-])ccc2c1.[Na+]
caco2_wang:train_val:316,ME3229,train_val,-5.1011863000000002,CCCCOC(=O)COc1ccc(C(=O)CNC(=O)c2cc3c(s2)CCNC3)cc1OCC(=O)OCCCC
caco2_wang:train_val:317,Dronedarone,train_val,-4.5199999999999996,CCCCc1oc2ccc(NS(C)(=O)=O)cc2c1C(=O)c1ccc(OCCCN(CCCC)CCCC)cc1
caco2_wang:train_val:318,PB-43,train_val,-4.9099997999999996,Cn1cncc1CN1CC(N(CCn2cccc2)S(=O)(=O)c2ccccn2)Cc2cc(C#N)ccc21
caco2_wang:train_val:319,Ac-D-phe3-NH2,train_val,-5.764868700000001,CC(=O)N[C@@H](Cc1ccccc1)C(=O)N[C@H](Cc1ccccc1)C(=O)N[C@@H](Cc1ccccc1)C(N)=O
caco2_wang:train_val:320,Ac-D-phe2-(NMe-D-phe)-NH2,train_val,-5.3484768999999996,CC(=O)N[C@@H](Cc1ccccc1)C(=O)N[C@H](Cc1ccccc1)C(=O)N(C)[C@@H](Cc1ccccc1)C(N)=O
caco2_wang:train_val:321,Ac-D-phe-(NMe-D-phe)2-NH2 {[14C]-Acf(N-Mef)2NH2 },train_val,-4.9229274000000016,CC(=O)N[C@@H](Cc1ccccc1)C(=O)N(C)[C@H](Cc1ccccc1)C(=O)N(C)[C@@H](Cc1ccccc1)C(N)=O
caco2_wang:train_val:322,Ac-(NMe-D-phe)3-NH2,train_val,-4.6937804000000005,CC(=O)N(C)[C@@H](Cc1ccccc1)C(=O)N(C)[C@H](Cc1ccccc1)C(=O)N(C)[C@@H](Cc1ccccc1)C(N)=O
caco2_wang:train_val:323,Ac-(NMe-D-phe)3-NHMe,train_val,-4.4948897000000008,CNC(=O)[C@H](Cc1ccccc1)N(C)C(=O)[C@@H](Cc1ccccc1)N(C)C(=O)[C@H](Cc1ccccc1)N(C)C(C)=O
caco2_wang:train_val:324,4,train_val,-5.0900002000000004,CC(=O)N[C@H](Cc1ccccc1)C(=O)N(C)[C@H](Cc1ccccc1)C(=O)N[C@H](Cc1ccccc1)C(N)=O
caco2_wang:train_val:325,6,train_val,-5.3800000999999975,CNC(=O)[C@@H](Cc1ccccc1)NC(=O)[C@@H](Cc1ccccc1)NC(=O)[C@@H](Cc1ccccc1)NC(C)=O
caco2_wang:train_val:326,Rivulobirin A,train_val,-4.4800000000000004,C=C(C)C(COc1c2occc2cc2ccc(=O)oc12)OC(C)(C)C(O)COc1c2occc2cc2ccc(=O)oc12
caco2_wang:train_val:327,MEN15596,train_val,-5.2912149000000008,Cc1ccc2cc(C(=O)NC3(C(=O)N[C@H](Cc4ccccc4)C(=O)NCC4CCN(CC5CCOCC5)CC4)CCCC3)sc2c1
caco2_wang:train_val:328,MEN15716,train_val,-4.9978389999999999,CCN(CC)c1ccc2cc(C(=O)NC3(C(=O)N[C@H](Cc4ccccc4)C(=O)NCC4CCN(CC5CCOCC5)CC4)CCCC3)sc2c1
caco2_wang:train_val:329,48d,train_val,-5.1919103,O=C(NC1(C(=O)N[C@H](Cc2ccccc2)C(=O)NCC2CCN(CC3CCOCC3)CC2)CCCC1)c1cc2ccc(C(F)(F)F)cc2s1
caco2_wang:train_val:330,48e,train_val,-5.9593034000000005,COc1ccc2cc(C(=O)NC3(C(=O)N[C@H](Cc4ccccc4)C(=O)NCC4CCN(CC5CCOCC5)CC4)CCCC3)sc2c1
caco2_wang:train_val:331,23,train_val,-5.4699998000000001,O=C1NCC2(CCCNC2)c2[nH]c(-c3ccnc(-c4ccc5c(c4)OCO5)n3)cc21
caco2_wang:train_val:332,S-nitrosylated captopril (CapNO),train_val,-4.5,C[C@H](CSN=O)C(=O)N1CCC[C@@H]1C(=O)O
caco2_wang:train_val:333,679-Captopril (Cap),train_val,-4.8153085999999998,C[C@H](CS)C(=O)N1CCC[C@@H]1C(=O)O
caco2_wang:train_val:334,Gly-Pro (glycylproline),train_val,-5.2123350999999998,NCC(=O)N1CCC[C@H]1C(=O)O
caco2_wang:train_val:335,Captopril (Cap),train_val,-4.8200002,C[C@H](CS)C(=O)N1CCC[C@H]1C(=O)O
caco2_wang:train_val:336,Terfenadine,train_val,-5.2600002000000003,CC(C)(C)c1ccc(C(O)CCCN2CCC(C(O)(c3ccccc3)c3ccccc3)CC2)cc1
caco2_wang:train_val:337,fexofenadine,train_val,-6.5100002000000003,CC(C)(C(=O)O)c1ccc(C(O)CCCN2CCC(C(O)(c3ccccc3)c3ccccc3)CC2)cc1
caco2_wang:train_val:338,fexofenadine hydrochloride,train_val,-5.6999997999999996,CC(C)(C(=O)O)c1ccc(C(O)CCCN2CCC(C(O)(c3ccccc3)c3ccccc3)CC2)cc1.Cl
caco2_wang:train_val:339,Rifampicin,train_val,-5.3997859999999998,CO[C@@H]1C=CO[C@@]2(C)Oc3c(C)c(O)c4c(c3C2=O)C(=O)/C(=C\NN2CCN(C)CC2)C(=C4O)NC(=O)C(C)=CC=C[C@@H](C)[C@H](O)[C@H](C)[C@H](O)[C@@H](C)[C@@H](OC(C)=O)[C@@H]1C
caco2_wang:train_val:340,170-Grepafloxacin hydrochloride (GRX),train_val,-4.9825492000000002,Cc1c(F)c(N2CCNC(C)C2)cc2c1C(=O)C(C(=O)O)CN2C1CC1
caco2_wang:train_val:341,PNU-184435,train_val,-5.3386210999999992,CC(=S)NC[C@H]1CN(c2ccc(N3CCCS(=O)CC3)c(F)c2)C(=O)O1
caco2_wang:train_val:342,F-(S)-IZD,train_val,-6.5214390999999994,O=C1C[C@@H](c2ccc(C[C@H](NS(=O)(=O)c3ccccc3)c3nc4ccccc4[nH]3)cc2F)S(=O)([O-])=N1
caco2_wang:train_val:343,Me-(S)-IZD,train_val,-6.3989700999999997,Cc1cc(C[C@H](NS(=O)(=O)c2ccccc2)c2nc3ccccc3[nH]2)ccc1[C@@H]1CC(=O)N=S1(=O)[O-]
caco2_wang:train_val:344,Lys-FITC-OCH3,train_val,-5.8313413000000001,COC(=O)[C@H](N)CCCCNC(=S)Nc1ccc2c(c1)C(=O)OC21c2ccc(O)cc2Oc2cc(O)ccc21
caco2_wang:train_val:345,14c,train_val,-4.9723473,Cn1c(C(=O)NC2(C(=O)N[C@H](Cc3ccccc3)C(=O)NCCCN3CCOCC3)CCCC2)cc2ccccc21
caco2_wang:train_val:346,S2,train_val,-5.29,C=CCNC(=O)C(=O)C(CCC)NC(=O)C1C2C(CN1C(=O)C(NC(=O)NC(C(=O)C(C)C)C(C)C)C(C)(C)C)C2(C)C
caco2_wang:train_val:347,Ketamine,train_val,-4.2600002000000003,CNC1(c2ccccc2Cl)CCCCC1=O
caco2_wang:train_val:348,1,train_val,-6.8762316999999999,CC1CCN(C(=O)CC(Cc2cccc(C(=N)N)c2)NS(=O)(=O)c2ccc3ccccc3c2)CC1
caco2_wang:train_val:349,2,train_val,-7.3814997999999985,N=C(N)c1cccc(CC(CC(=O)N2CCCCC2C(=O)O)NS(=O)(=O)c2ccc3ccccc3c2)c1
caco2_wang:train_val:350,3,train_val,-7.1178856000000001,COC(=O)C1CCCCN1C(=O)CC(Cc1cccc(C(=N)N)c1)NS(=O)(=O)c1ccc2ccccc2c1
caco2_wang:train_val:351,4,train_val,-7.3820247999999991,N=C(N)c1cccc(CC(CC(=O)N2CCCC(C(=O)O)C2)NS(=O)(=O)c2ccc3ccccc3c2)c1
caco2_wang:train_val:352,6,train_val,-7.3390937000000003,N=C(N)c1cccc(CC(CC(=O)N2CCC(C(=O)O)CC2)NS(=O)(=O)c2ccc3ccccc3c2)c1
caco2_wang:train_val:353,7,train_val,-7.0912943000000004,COC(=O)C1CCN(C(=O)CC(Cc2cccc(C(=N)N)c2)NS(=O)(=O)c2ccc3ccccc3c2)CC1
caco2_wang:train_val:354,8,train_val,-7.3677615999999997,N=C(NO)c1cccc(CC(CC(=O)N2CCC(C(=O)O)CC2)NS(=O)(=O)c2ccc3ccccc3c2)c1
caco2_wang:train_val:355,9,train_val,-7.1487603000000002,CNC(=N)c1cccc(CC(CC(=O)N2CCC(C(=O)O)CC2)NS(=O)(=O)c2ccc3ccccc3c2)c1
caco2_wang:train_val:356,13,train_val,-4.9978389999999999,CC1CCN(C(=O)CC(Cc2cccc(N)c2)NS(=O)(=O)c2ccc3ccccc3c2)CC1
caco2_wang:train_val:357,16,train_val,-6.8503904000000011,CNC(=N)c1cccc(CC(CC(=O)N2CCC(C)CC2)NS(=O)(=O)c2ccc3ccccc3c2)c1
caco2_wang:train_val:358,Talinolol,train_val,-4.9684534000000005,CC(C)(C)NCC(O)COc1ccc(NC(=O)NC2CCCCC2)cc1
caco2_wang:train_val:359,Ketotifen,train_val,-4.9499997999999996,CN1CCC(=C2c3ccccc3CC(=O)c3sccc32)CC1
caco2_wang:train_val:360,943-Ketotifen fumarate (38),train_val,-3.9546771000000001,CN1CCC(=C2c3ccccc3CC(=O)c3sccc32)CC1
caco2_wang:train_val:361,indomethacin,train_val,-4.6900000999999998,COc1ccc2c(c1)c(CC(=O)O)c(C)n2C(=O)c1ccc(Cl)cc1
caco2_wang:train_val:362,DG (13),train_val,-6.9204097000000004,COc1ccc(-c2cc(=O)c3c(O)cc(O[C@@H]4O[C@H](CO)[C@@H](O)[C@H](O)[C@H]4O)cc3o2)cc1O
caco2_wang:train_val:363,36,train_val,-5.1474957000000003,Cc1nc(N)ccc1CNC(=O)Cc1c(C#N)ccc(NCC(F)(F)c2ccccn2)c1F
caco2_wang:train_val:364,NK1NK2 analogue 212 (15d),train_val,-5.0814137000000015,COc1cc(C(=O)N2CC[C@](CCN3CCC(C(=O)N4CCOCC4)(c4ccccc4)CC3)(c3ccc(Cl)c(Cl)c3)C2)cc(OC)c1OC
caco2_wang:train_val:365,corticosterone,train_val,-4.4850000999999997,C[C@]12C[C@@H](O)[C@@H]3[C@@H](CCC4=CC(=O)CC[C@@]43C)[C@H]1CC[C@H]2C(=O)CO
caco2_wang:train_val:366,Corticosterone,train_val,-4.3887606000000003,C[C@]12C[C@H](O)[C@H]3[C@@H](CCC4=CC(=O)CC[C@@]43C)[C@@H]1CC[C@@H]2C(=O)CO
caco2_wang:train_val:367,desoxycarticosterone,train_val,-4.6700000999999984,C[C@]12CC[C@H]3[C@@H](CCC4=CC(=O)CC[C@@]43C)[C@@H]1CC[C@@H]2C(=O)CO
caco2_wang:train_val:368,hydrocortisone,train_val,-4.6599997999999996,C[C@]12C[C@@H](O)[C@@H]3[C@@H](CCC4=CC(=O)CC[C@@]43C)[C@H]1CC[C@@]2(O)C(=O)CO
caco2_wang:train_val:369,5m,train_val,-6.3000002000000004,c1ccc(Cn2nnnc2C(c2ccc(Cn3cncn3)cc2)N2CCCN(C3CCC3)CC2)cc1
caco2_wang:train_val:370,Nicardipine,train_val,-4.9305754000000004,COC(=O)C1=C(C)NC(C)=C(C(=O)OCCN(C)Cc2ccccc2)C1c1cccc(N(O)O)c1
caco2_wang:train_val:371,10,train_val,-7.0312261999999999,N=C(N)c1cccc(CC(CC(=O)N2CCNCC2)NS(=O)(=O)c2ccc3ccccc3c2)c1
caco2_wang:train_val:372,Folinic acid,train_val,-7.5214391000000003,Nc1nc(=O)c2c([nH]1)NCC(CNc1ccc(C(=O)NC(CCC(=O)O)C(=O)O)cc1)N2C=O
caco2_wang:train_val:373,12d,train_val,-5.9593034000000005,Cn1cnc(S(=O)(=O)N(CCN(Cc2cncn2C)c2ccc(C#N)cc2)Cc2ccccc2)c1
caco2_wang:train_val:374,Bendroflumethiazide,train_val,-5.8899999000000003,NS(=O)(=O)c1cc2c(cc1C(F)(F)F)NC(Cc1ccccc1)NS2(=O)=O
caco2_wang:train_val:375,659-Harmane,train_val,-5.2232989999999999,Cc1nccc2c1[nH]c1ccccc12
caco2_wang:train_val:376,Harmol,train_val,-5.3022589999999994,Cc1nccc2c1[nH]c1cc(O)ccc12
caco2_wang:train_val:377,4c,train_val,-5.4200000999999975,COC(=O)/C=C/CNC(=O)CN1C(=O)[C@@H](COC(=O)Nc2ccc(Cl)cc2C(F)(F)F)N=C(c2ccccc2)c2ccccc21
caco2_wang:train_val:378,65,train_val,-5.2218489999999997,CC(=O)c1sc(NC(=O)N[C@@H]2CCCC[C@H]2CN2CCC[C@@H](Cc3ccc(F)cc3)C2)nc1C
caco2_wang:train_val:379,Doxorubicin,train_val,-6.5900002000000004,COc1cccc2c1C(=O)c1c(O)c3c(c(O)c1C2=O)C[C@](O)(C(=O)CO)C[C@H]3O[C@@H]1C[C@@H](N)[C@@H](O)[C@@H](C)O1
caco2_wang:train_val:380,Daunorubicin,train_val,-6.0999999000000003,COc1cccc2c1C(=O)c1c(O)c3c(c(O)c1C2=O)C[C@@](O)(C(C)=O)C[C@@H]3O[C@H]1C[C@H](N)[C@H](O)[C@H](C)O1
caco2_wang:train_val:381,Nifedipine,train_val,-4.3319983000000004,COC(=O)C1=C(C)NC(C)=C(C(=O)OC)C1c1ccccc1N(O)O
caco2_wang:train_val:382,Nisoldipine,train_val,-4.6999997999999996,COC(=O)C1=C(C)NC(C)=C(C(=O)OCC(C)C)C1c1ccccc1N(O)O
caco2_wang:train_val:383,Nitrendipine,train_val,-4.6200308999999997,CCOC(=O)C1=C(C)NC(C)=C(C(=O)OC)C1c1cccc(N(O)O)c1
caco2_wang:train_val:384,Amlodipine,train_val,-4.6700000999999984,CCOC(=O)C1=C(COCCN)NC(C)=C(C(=O)OC)C1c1ccccc1Cl
caco2_wang:train_val:385,nitrendipine,train_val,-4.8499999000000003,CCOC(=O)C1=C(C)NC(C)=C(C(=O)OC)C1c1cccc([N+](=O)[O-])c1
caco2_wang:train_val:386,N-Acetyl-D-cyclohexylalanine Phenethylamide (12),train_val,-4.3517655999999993,CC(=O)N[C@H](CC1CCCCC1)C(=O)NCCc1ccccc1
caco2_wang:train_val:387,N-Acetyl-D-cyclohexylalanyl-D-phenylalanine N-Methylamide (6),train_val,-5.1413335999999994,CNC(=O)[C@@H](Cc1ccccc1)NC(=O)[C@@H](CC1CCCCC1)NC(C)=O
caco2_wang:train_val:388,13d,train_val,-5.8000002000000004,CN1C(=O)CC(N2CCCN(CCCN3c4ccccc4COc4ccc(CC(=O)O)cc43)CC2)N(C)C1=O
caco2_wang:train_val:389,13e,train_val,-5.7199998000000001,CC(C(=O)O)c1ccc2c(c1)N(CCCN1CCCN(C3CC(=O)N(C)C(=O)N3C)CC1)c1ccccc1CO2
caco2_wang:train_val:390,13g,train_val,-5.5,CN1C(=O)CC(N2CCCN(CCCN3c4ccccc4COc4ccc(C(=O)O)cc43)CC2)N(C)C1=O
caco2_wang:train_val:391,oxprenolol ester,train_val,-4.5450000999999984,C=CCOc1ccccc1OC[C@@H](CNC(C)C)OC(=O)C1CC1
caco2_wang:train_val:392,Alprenolol ester,train_val,-4.1507826000000003,C=CCc1ccccc1OCC(CNC(C)C)OC(=O)C1CC1
caco2_wang:train_val:393,Oxprenolol ester,train_val,-4.1920457000000004,C=CCOc1ccccc1OCC(CNC(C)C)OC(=O)C1CC1
caco2_wang:train_val:394,S-6j,train_val,-4.7544874999999998,c1csc([C@]23CNC[C@H]2C3)c1
caco2_wang:train_val:395,Oxazolidin-2-one (OXa),train_val,-4.5900002000000004,CC(=O)NCC1CN(c2ccc(C(C)=O)cc2)C(=O)O1
caco2_wang:train_val:396,OXb,train_val,-4.1799998,CC(=O)c1ccc(N2CC(CO)OC2=O)cc1
caco2_wang:train_val:397,OXc,train_val,-4.8499999000000003,CC(=O)c1ccc(N2CC(CN)OC2=O)cc1
caco2_wang:train_val:398,OXd,train_val,-3.9500000000000002,CCCOCOCC1CN(c2ccc(C(C)=O)cc2)C(=O)O1
caco2_wang:train_val:399,Betaxolol ester,train_val,-4.1300812000000002,CC(C)NCC(COc1ccc(CCOCC2CC2)cc1)OC(=O)C1CC1
caco2_wang:train_val:400,betazolol ester,train_val,-4.5199999999999996,CC(C)NC[C@H](COc1ccc(CCOCC2CC2)cc1)OC(=O)C1CC1
caco2_wang:train_val:401,scopolamine,train_val,-4.9279999999999999,CN1[C@H]2CC(OC(=O)[C@H](CO)c3ccccc3)C[C@@H]1[C@H]1O[C@@H]21
caco2_wang:train_val:402,Scopolamine,train_val,-4.724059099999999,CN1C2CC(OC(=O)C(CO)c3ccccc3)CC1C1OC12
caco2_wang:train_val:403,263-Amrinone,train_val,-4.7544874999999998,Nc1cc(-c2ccncc2)c[nH]c1=O
caco2_wang:train_val:404,Fluvastatin,train_val,-5.6999997999999996,CC(C)n1c(/C=C/[C@H](O)C[C@H](O)CC(=O)O)c(-c2ccc(F)cc2)c2ccccc21
caco2_wang:train_val:405,Flupenthixol,train_val,-4.8899999000000003,OCCN1CCN(CC/C=C2/c3ccccc3Sc3ccc(C(F)(F)F)cc32)CC1
caco2_wang:train_val:406,Cerulenin,train_val,-5.4224062000000002,C/C=C/C/C=C/CCC(=O)[C@@H]1O[C@@H]1C(N)=O
caco2_wang:train_val:407,C,train_val,-5.2199998000000001,O=C(O)CC(C1CCN(C(=O)CCCc2ccc3c(n2)NCCC3)CC1)C1CNc2ccccc2C1
caco2_wang:train_val:408,Biotin-Saquinavir,train_val,-6.4094677000000004,CC(C)(C)NC(=O)[C@@H]1CC2CCCCC2CN1CC(OC(=O)CCCCC1SCC2NC(=O)NC21)[C@H](Cc1ccccc1)NC(=O)[C@H](CC(N)=O)NC(=O)c1ccc2ccccc2n1
caco2_wang:train_val:409,G6262,train_val,-6.3682656,CCOC(=O)CCN1CC(=O)N(C)c2ccc(OCc3ccc(C(=N)N)cc3)cc2C1=O
caco2_wang:train_val:410,Aminopyrine,train_val,-4.3894195999999992,Cc1c(N(C)C)c(=O)n(-c2ccccc2)n1C
caco2_wang:train_val:411,Berberrubine (BRB),train_val,-4.8815302999999997,COc1ccc2cc3[n+](cc2c1O)CCc1cc2c(cc1-3)OCO2
caco2_wang:train_val:412,E24,train_val,-4.0999998999999994,CNC(=O)/C=C(\c1cccc(F)c1)c1ccc2nc(N)n(S(=O)(=O)NC(=O)N3CCCC3)c2c1
caco2_wang:train_val:413,150-Artesunate,train_val,-5.4001169000000004,C[C@@H]1CC[C@H]2[C@@H](C)[C@@H](OC(=O)CCC(=O)O)O[C@@H]3OC4(C)CC[C@@H]1[C@@]23OO4
caco2_wang:train_val:414,artesunate,train_val,-5.4000000999999997,C[C@@H]1CC[C@H]2[C@@H](C)[C@H](OC(=O)CCC(=O)O)O[C@@H]3O[C@@]4(C)CC[C@@H]1[C@@]23OO4
caco2_wang:train_val:415,Artesunate,train_val,-5.4000000999999997,CC1CCC2C(C)C(OC(=O)CCC(=O)O)OC3OC4(C)CCC1C32OO4
caco2_wang:train_val:416,Celecoxib,train_val,-4.8050604000000003,Cc1ccc(-c2cc(C(F)(F)F)nn2-c2ccc(S(N)(=O)=O)cc2)cc1
caco2_wang:train_val:417,"EI analogue 102 (MDL 102,111)",train_val,-4.5178499000000008,CC(C)C(NC(=O)[C@@H]1CCCN1C(=O)[C@@H](NC(=O)N1CCOCC1)C(C)C)C(=O)C(F)(F)C(F)(F)F
caco2_wang:train_val:418,CF 1525 (p-Me),train_val,-5.8474512000000001,COC(=O)C(C)NP(=O)(OC[C@@H]1C=C[C@H](n2cc(C)c(=O)[nH]c2=O)O1)Oc1ccc(C)cc1
caco2_wang:train_val:419,CF 1523 (p-Cl),train_val,-5.7328787000000005,COC(=O)C(C)NP(=O)(OC[C@@H]1C=C[C@H](n2cc(C)c(=O)[nH]c2=O)O1)Oc1ccc(Cl)cc1
caco2_wang:train_val:420,CF 1517 (p-Br),train_val,-5.6954092999999997,COC(=O)C(C)NP(=O)(OC[C@@H]1C=C[C@H](n2cc(C)c(=O)[nH]c2=O)O1)Oc1ccc(Br)cc1
caco2_wang:train_val:421,CF 1572 (p-I),train_val,-5.1300000999999984,COC(=O)C(C)NP(=O)(OC[C@@H]1C=C[C@H](n2cc(C)c(=O)[nH]c2=O)O1)Oc1ccc(I)cc1
caco2_wang:train_val:422,CF 1526 (p-OMe),train_val,-5.9819288000000004,COC(=O)C(C)NP(=O)(OC[C@@H]1C=C[C@H](n2cc(C)c(=O)[nH]c2=O)O1)Oc1ccc(OC)cc1
caco2_wang:train_val:423,echinacoside,train_val,-6.6500000999999989,C[C@@H]1O[C@@H](O[C@@H]2[C@@H](O)[C@H](OCCc3ccc(O)c(O)c3)O[C@H](CO[C@@H]3O[C@H](CO)[C@@H](O)[C@H](O)[C@H]3O)[C@H]2OC(=O)/C=C/c2ccc(O)c(O)c2)[C@H](O)[C@H](O)[C@H]1O
caco2_wang:train_val:424,Clarithromycin,train_val,-5.4699998000000001,CC[C@H]1OC(=O)[C@H](C)[C@@H](O[C@H]2C[C@@](C)(OC)[C@@H](O)[C@H](C)O2)[C@H](C)[C@@H](O[C@@H]2O[C@H](C)C[C@H](N(C)C)[C@H]2O)[C@](C)(OC)C[C@@H](C)C(=O)[C@H](C)[C@@H](O)[C@]1(C)O
caco2_wang:train_val:425,erythromycin,train_val,-5.7800001999999999,CC[C@@H]1OC(=O)[C@@H](C)[C@H](O[C@H]2C[C@](C)(OC)[C@@H](O)[C@H](C)O2)[C@@H](C)[C@@H](O[C@H]2O[C@H](C)C[C@@H](N(C)C)[C@H]2O)[C@@](C)(O)C[C@@H](C)C(=O)[C@H](C)[C@@H](O)[C@@]1(C)O
caco2_wang:train_val:426,5'-L-phenylalanyl-floxuridine,train_val,-5.3891382000000005,NC(Cc1ccccc1)C(=O)OC[C@@H]1O[C@H](n2cc(F)c(=O)[nH]c2=O)C[C@H]1O
caco2_wang:train_val:427,5'-L-valyl-L-phenylalanyl-floxuridine,train_val,-6.0804609999999997,CC(C)C(N)C(=O)NC(Cc1ccccc1)C(=O)OC[C@@H]1O[C@H](n2cc(F)c(=O)[nH]c2=O)C[C@H]1O
caco2_wang:train_val:428,Pyr-His-Pro-NH2 (TRH),train_val,-6.8313413000000001,NC(=O)[C@H]1CCCN1C(=O)[C@@H](Cc1c[nH]cn1)NC(=O)[C@H]1CCC(=O)N1
caco2_wang:train_val:429,V,train_val,-5.1500000999999997,CC(C)C[C@H](O)[C@H](O)[C@H](CC1CCCCC1)NC(=O)CCCCCc1ccccc1
caco2_wang:train_val:430,Byankangelicol,train_val,-4.3000002000000004,COc1c2ccoc2c(OCC2OC2(C)C)c2oc(=O)ccc12
caco2_wang:train_val:431,tiotidine,train_val,-5.8800000999999975,C/N=C(\NC#N)NCCSCc1csc(N=C(N)N)n1
caco2_wang:train_val:432,243-Famotidine,train_val,-5.9488472999999997,NC(N)=Nc1nc(CSCC/C(N)=N\S(N)(=O)=O)cs1
caco2_wang:train_val:433,Tiotidine,train_val,-5.6587887000000014,C/N=C(\NC#N)NCCSCc1csc(N=C(N)N)n1
caco2_wang:train_val:434,famotidine,train_val,-6.0700002,NC(N)=Nc1nc(CSCCC(N)=NS(N)(=O)=O)cs1
caco2_wang:train_val:435,Isovitexin (10),train_val,-6.2003297999999996,O=c1cc(-c2ccc(O)cc2)oc2cc(O)c([C@@H]3O[C@H](CO)[C@@H](O)[C@H](O)[C@H]3O)c(O)c12
caco2_wang:train_val:436,isovitexin ,train_val,-6.1999997999999996,O=c1cc(-c2ccc(O)cc2)oc2cc([O-])c(C3OC(CO)C(O)C(O)C3O)c(O)c12
caco2_wang:train_val:437,"Quercetin 3,4'-diglucoside",train_val,-7.0478787000000001,O=c1c(OC2O[C@H](CO)[C@@H](O)[C@H](O)[C@H]2O)c(-c2ccc(OC3O[C@H](CO)[C@@H](O)[C@H](O)[C@H]3O)c(O)c2)oc2cc(O)cc(O)c12
caco2_wang:train_val:438,3,train_val,-4.8783754999999998,Cn1c(NCCCN2CCC(Oc3ccc(Cl)c(Cl)c3)CC2)cc(=O)n(C)c1=O
caco2_wang:train_val:439,4-(Pyridin-4-ylmethylamino)-N-(3-(trifluoromethyl)phenyl)isothiazole-3-carboxamide (3),train_val,-5.1580719999999998,O=C(Nc1cccc(C(F)(F)F)c1)c1nscc1NCc1ccncc1
caco2_wang:train_val:440,9,train_val,-5.1003633000000015,O=C(Nc1cccc(OC(F)(F)F)c1)c1nscc1NCc1ccncc1
caco2_wang:train_val:441,N-(3-tertbutylphenyl)-4-(pyridin-4-ylmethylamino)isothiazole-3-carboxamide (11),train_val,-5.2516832000000004,CC(C)(C)c1cccc(NC(=O)c2nscc2NCc2ccncc2)c1
caco2_wang:train_val:442,14,train_val,-5.2606096000000004,O=C(Nc1cccc(Br)c1)c1nscc1NCc1ccncc1
caco2_wang:train_val:443,22,train_val,-5.2295737000000004,Cc1ccc(NC(=O)c2nscc2NCc2ccncc2)cc1C(F)(F)F
caco2_wang:train_val:444,Diltiazem,train_val,-4.4043612000000003,COc1ccc([C@@H]2Sc3ccccc3N(CCN(C)C)C(=O)[C@@H]2OC(C)=O)cc1
caco2_wang:train_val:445,11d,train_val,-4.3886080000000005,Cc1ccc(N2CCN(C(=O)[C@H](C)Cc3ccc(Cl)cc3)CC2)c([C@@H](NC(=O)CCN(C)C)C(C)C)c1
caco2_wang:train_val:446,11f,train_val,-4.7979398,Cc1ccc(N2CCN(C(=O)[C@H](C)Cc3ccc(Cl)cc3C)CC2)c([C@@H](NC(=O)CCN(C)C)C(C)C)c1
caco2_wang:train_val:447,7d,train_val,-5.3000002000000004,Cc1ccc(N2CCN(C(=O)[C@H](C)Cc3ccc(Cl)cc3)CC2)c([C@@H](N)C(C)C)c1
caco2_wang:train_val:448,9,train_val,-5.5199999999999996,CNCCN[C@H](c1cc(C)ccc1N1CCN(C(=O)[C@H](C)Cc2ccc(Cl)cc2F)CC1)C(C)C
caco2_wang:train_val:449,10c,train_val,-5.6999997999999996,CNCC(=O)N[C@H](c1cccc(F)c1N1CCN(C(=O)[C@H](C)Cc2ccc(Cl)cc2Cl)CC1)C(C)C
caco2_wang:train_val:450,10d,train_val,-5,CC(C)[C@H](NC(=O)CCN(C)C)c1cccc(F)c1N1CCN(C(=O)[C@H](C)Cc2ccc(Cl)cc2)CC1
caco2_wang:train_val:451,11b,train_val,-5.5214390999999994,Cc1ccc(N2CCN(C(=O)[C@H](C)Cc3ccc(Cl)cc3)CC2)c([C@@H](NC(=O)CCN)C(C)C)c1
caco2_wang:train_val:452,11c,train_val,-4.9204097000000004,CNCCC(=O)N[C@H](c1cc(C)ccc1N1CCN(C(=O)[C@H](C)Cc2ccc(Cl)cc2)CC1)C(C)C
caco2_wang:train_val:453,11e,train_val,-4.4308991000000004,Cc1ccc(N2CCN(C(=O)[C@H](C)Cc3ccc(Cl)cc3F)CC2)c([C@@H](NC(=O)CCN(C)C)C(C)C)c1
caco2_wang:train_val:454,12c,train_val,-5.5214390999999994,COc1cc(Cl)ccc1C[C@@H](C)C(=O)N1CCN(c2ccc(Cl)cc2[C@@H](NC(=O)C(C)N)C(C)C)CC1
caco2_wang:train_val:455,12d,train_val,-5.0478787000000001,CC(C)[C@H](NC(=O)CCN(C)C)c1cc(Cl)ccc1N1CCN(C(=O)[C@H](C)Cc2ccc(Cl)cc2)CC1
caco2_wang:train_val:456,OXf,train_val,-5.1199999000000016,CC(=O)NCC1CN(c2ccc(C(C)=O)cc2)S(=O)N1C
caco2_wang:train_val:457,34,train_val,-4.5968795,NCc1cccc(Cc2ncccn2)c1
caco2_wang:train_val:458,31,train_val,-4.4609237000000004,NC(=O)c1cccc(Cc2ncccn2)c1
caco2_wang:train_val:459,20,train_val,-4.1758742,N#Cc1cccc(Cc2ncccn2)c1
caco2_wang:train_val:460,Pyrilamine Maleate,train_val,-4.6599997999999996,COc1ccc(CN(CCN(C)C)c2ccccn2)cc1
caco2_wang:train_val:461,-,train_val,-3.9978395,c1ccc(Cc2ccncc2)cc1
caco2_wang:train_val:462,Sucrose,train_val,-5.9186072000000003,OC[C@H]1O[C@H](O[C@]2(CO)O[C@H](CO)[C@@H](O)[C@@H]2O)[C@H](O)[C@@H](O)[C@@H]1O
caco2_wang:train_val:463,lamotrigine,train_val,-4.3899999000000003,Nc1nnc(-c2cccc(Cl)c2Cl)c(N)n1
caco2_wang:train_val:464,Corynanthine (COR),train_val,-4.7298937000000008,COC(=O)[C@H]1[C@H](O)CC[C@@H]2CN3CCc4c([nH]c5ccccc45)[C@H]3C[C@H]21
caco2_wang:train_val:465,Yohimbine (YOH),train_val,-4.8099999000000002,COC(=O)C1C(O)CCC2CN3CCc4c([nH]c5ccccc45)C3CC21
caco2_wang:train_val:466,801-Yohimbine (YOH),train_val,-4.8124795000000002,COC(=O)[C@@H]1[C@H](O)CC[C@@H]2CN3CCc4c([nH]c5ccccc45)[C@H]3C[C@H]21
caco2_wang:train_val:467,Cetirizine,train_val,-5.5,O=C(O)COCCN1CCN(C(c2ccccc2)c2ccc(Cl)cc2)CC1
caco2_wang:train_val:468,Salvianolic acid D (SAD),train_val,-7.1795706999999975,O=C(O)Cc1c(/C=C/C(=O)OC(Cc2ccc(O)c(O)c2)C(=O)O)ccc(O)c1O
caco2_wang:train_val:469,ganciclovir,train_val,-6.3699999000000025,Nc1nc(=O)c2ncn(COC(CO)CO)c2[nH]1
caco2_wang:train_val:470,Acyclovir,train_val,-5.9899997999999997,Nc1nc(=O)c2ncn(COCCO)c2[nH]1
caco2_wang:train_val:471,2o,train_val,-4.6020598000000001,CCOC(=O)c1c(Cl)cc(Cl)cc1-c1cnc([C@@H](C)NC(=O)C2(NC(=O)C(F)(F)F)CC2)c(F)c1
caco2_wang:train_val:472,2l,train_val,-4.6020598000000001,COC(=O)c1c(Cl)cccc1-c1cnc([C@@H](C)NC(=O)C2(NC(=O)C(F)(F)F)CC2)c(F)c1
caco2_wang:train_val:473,2n,train_val,-4.5528421000000003,CCOC(=O)c1c(Cl)cccc1-c1cnc([C@@H](C)NC(=O)C2(NC(=O)C(F)(F)F)CC2)c(F)c1
caco2_wang:train_val:474,2m,train_val,-4.5376019000000003,COC(=O)c1c(Cl)cc(Cl)cc1-c1cnc([C@@H](C)NC(=O)C2(NC(=O)C(F)(F)F)CC2)c(F)c1
caco2_wang:train_val:475,Org 33062,train_val,-4.6999997999999996,CC1(C)CC(=O)N(CCCCN2CCN(c3ncccn3)CC2)C(=O)C1
caco2_wang:train_val:476,Org 25907,train_val,-4.8899999000000003,CC1(C)CC(=O)N(CCCCN2CCN(c3ncccn3)CC2)C(=O)C1O
caco2_wang:train_val:477,Oxaprozin,train_val,-4.4800000000000004,O=C(O)CCc1nc(-c2ccccc2)c(-c2ccccc2)o1
caco2_wang:train_val:478,5,train_val,-5.6479244000000008,N#Cc1ccc(NCC(F)(F)c2ccccc2)c(F)c1CC(=O)NCCONC(=N)N
caco2_wang:train_val:479,22,train_val,-5.7414020999999975,N#Cc1ccc(NCC(F)(F)c2cccc(F)c2)c(F)c1CC(=O)NCCONC(=N)N
caco2_wang:train_val:480,23,train_val,-5.9430285000000005,N#Cc1ccc(NCC(F)(F)c2ccc(F)c(F)c2)c(F)c1CC(=O)NCCONC(=N)N
caco2_wang:train_val:481,Proscillaridin,train_val,-6.2299851999999998,CC1OC(O[C@@H]2C=C3CC[C@@H]4[C@H](CC[C@]5(C)[C@@H](c6ccc(=O)oc6)CC[C@]45O)[C@@]3(C)CC2)C(O)C(O)C1O
caco2_wang:train_val:482,saquinavir,train_val,-6.2600002000000003,CC(C)(C)NC(=O)[C@@H]1C[C@@H]2CCCC[C@@H]2CN1C[C@@H](O)[C@H](Cc1ccccc1)NC(=O)[C@H](CC(N)=O)NC(=O)c1ccc2ccccc2n1
caco2_wang:train_val:483,Saquinavir,train_val,-6.2800001999999999,CC(C)(C)NC(=O)C1CC2CCCCC2CN1CC(O)C(Cc1ccccc1)NC(=O)C(CC(N)=O)NC(=O)c1ccc2ccccc2n1
caco2_wang:train_val:484,187-Saquinavir,train_val,-5.8616972000000001,CC(C)(C)NC(=O)[C@H]1C[C@H]2CCCC[C@H]2CN1C[C@@H](O)[C@H](Cc1ccccc1)NC(=O)[C@@H](CC(N)=O)NC(=O)c1ccc2ccccc2n1
caco2_wang:train_val:485,11,train_val,-5.4699998000000001,CNC(=O)[C@H](NC(=O)[C@](O)(Cc1ccccc1)CN(Cc1ccc(-c2ccccn2)cc1)NC(=O)[C@H](CC(=O)OC)C(C)(C)C)C(C)(C)C
caco2_wang:train_val:486,Furazolidone,train_val,-4.9899997999999997,O=C1OCCN1/N=C/c1ccc(N(O)O)o1
caco2_wang:train_val:487,a-Zearalenol (a-ZEL),train_val,-5.2699999999999996,CC1CCC(O)CCC/C=C/c2cc(O)cc(O)c2C(=O)OC1
caco2_wang:train_val:488,sulfamethoxazole,train_val,-4.8800000999999984,Cc1cc(NS(=O)(=O)c2ccc(N)cc2)no1
caco2_wang:train_val:489,Org 34167,train_val,-4.8699999000000016,C=CCC(N)c1ccccc1-c1noc2ccccc12
caco2_wang:train_val:490,SB639,train_val,-5.5207167000000004,O=C(/C=C/c1ccc2c(c1)nc(CCc1ccccc1)n2CCN1CCCC1)NO
caco2_wang:train_val:491,indobufen,train_val,-4.3899999000000003,CCC(C(=O)O)c1ccc(N2Cc3ccccc3C2=O)cc1
caco2_wang:train_val:492,-,train_val,-4.0680037000000002,c1ccc(-c2ccncc2)cc1
caco2_wang:train_val:493,Cerivastatin,train_val,-5.2699999999999996,COCc1c(C(C)C)nc(C(C)C)c(/C=C/[C@@H](O)C[C@@H](O)CC(=O)O)c1-c1ccc(F)cc1
caco2_wang:train_val:494,Bis(7)-tacrine (B7T),train_val,-5.4412464999999992,c1ccc2c(NCCCCCCCNc3c4c(nc5ccccc35)CCCC4)c3c(nc2c1)CCCC3
caco2_wang:train_val:495,Org 23366,train_val,-5.0599999000000002,O=C(CCCN1CCC(=C(c2ccc(F)cc2)c2ccc(F)cc2)CC1)N1CCCC1
caco2_wang:train_val:496,cimetidine,train_val,-5.9000000999999997,C/N=C(\NC#N)NCCSCc1[nH]cnc1C
caco2_wang:train_val:497,Cimetidine,train_val,-6.0420097999999998,CN/C(=N\CCSCc1nc[nH]c1C)NC#N
caco2_wang:train_val:498,Tinidazole,train_val,-4.5199999999999996,CCS(=O)(=O)CCn1c(N(O)O)cnc1C
caco2_wang:train_val:499,MEN14745,train_val,-5.2209244000000004,O=C(NC1(C(=O)N[C@H](Cc2ccccc2)C(=O)NCCCN2CCOCC2)CCCC1)c1cc2ccccc2o1
caco2_wang:train_val:500,atropine,train_val,-4.6999997999999996,CN1[C@H]2CC[C@@H]1CC(OC(=O)C(CO)c1ccccc1)C2
caco2_wang:train_val:501,Atropine,train_val,-4.7016673000000004,CN1[C@@H]2CC[C@@H]1CC(OC(=O)C(CO)c1ccccc1)C2
caco2_wang:train_val:502,sildenafil,train_val,-4.5100002000000003,CCCc1nn(C)c2c(=O)nc(-c3cc(S(=O)(=O)N4CCN(C)CC4)ccc3OCC)[nH]c12
caco2_wang:train_val:503,"L1 (1,2-dimethyl-3 hydroxypyridin-4-one)",train_val,-4.8885303000000002,Cc1c(O)c(=O)ccn1C
caco2_wang:train_val:504,4'-Cl BZT,train_val,-4.9114642000000002,CN1C2CC[C@@H]1CC(OC(c1ccccc1)c1ccc(Cl)cc1)C2
caco2_wang:train_val:505,"3',4''-diCl BZT",train_val,-5.5975828000000005,CN1C2CC[C@@H]1CC(OC(c1ccc(Cl)cc1)c1cccc(Cl)c1)C2
caco2_wang:train_val:506,3'-Cl BZT,train_val,-4.6622709999999996,CN1C2CC[C@@H]1CC(OC(c1ccccc1)c1cccc(Cl)c1)C2
caco2_wang:train_val:507,N-carbobenzoxy-tryptophan,train_val,-5.8000002000000004,O=C(NC(Cc1c[nH]c2ccccc12)C(=O)O)OCc1ccccc1
caco2_wang:train_val:508,45b,train_val,-5.2199998000000001,COc1ccc2c(O[C@@H]3C[C@H]4C(=O)N[C@]5(C(=O)NS(=O)(=O)C6CC6)C[C@H]5/C=C\CCCCN(C)C(=O)[C@@H]4C3)nc(-c3nc(C(C)C)cs3)nc2c1
caco2_wang:train_val:509,Acrivastine,train_val,-5.7206230000000025,Cc1ccc(/C(=C/CN2CCCC2)c2cccc(/C=C/C(=O)O)n2)cc1
caco2_wang:train_val:510,Ketoconazole,train_val,-4.7538647999999997,CC(=O)N1CCN(c2ccc(OC[C@@H]3CO[C@@](Cn4ccnc4)(c4ccc(Cl)cc4Cl)O3)cc2)CC1
caco2_wang:train_val:511,ketoconazole,train_val,-4.9299998,CC(=O)N1CCN(c2ccc(OC[C@H]3CO[C@](Cn4ccnc4)(c4ccc(Cl)cc4Cl)O3)cc2)CC1
caco2_wang:train_val:512,Atorvastatin,train_val,-5.3099999000000002,CC(C)c1c(C(=O)Nc2ccccc2)c(-c2ccccc2)c(-c2ccc(F)cc2)n1CC[C@@H](O)C[C@@H](O)CC(=O)O
caco2_wang:train_val:513,403-Atorvastatin,train_val,-5.3098039999999997,CC(C)c1c(C(=O)Nc2ccccc2)c(-c2ccccc2)c(-c2ccc(F)cc2)n1CC[C@H](O)C[C@H](O)CC(=O)O
caco2_wang:train_val:514,Lamivudine,train_val,-5.4200000999999975,Nc1ccn([C@@H]2CS[C@H](CO)O2)c(=O)n1
caco2_wang:train_val:515,Ac-C8-Enk-NH (3),train_val,-5.9699998000000001,CCCCCC[C@H](NC(C)=O)C(=O)N[C@@H](Cc1ccc(O)cc1)C(=O)NCC(=O)NCC(=O)N[C@@H](Cc1ccccc1)C(=O)N[C@@H](CC(C)C)C(N)=O
caco2_wang:train_val:516,Met-enkephalin,train_val,-7.3800000999999966,CSCC[C@H](NC(=O)[C@H](Cc1ccccc1)NC(=O)CNC(=O)CNC(=O)[C@@H](N)Cc1ccc(O)cc1)C(=O)O
caco2_wang:train_val:517,[D-Ala2]Met-enkephalin,train_val,-7.0199999999999996,CSCC[C@H](NC(=O)[C@H](Cc1ccccc1)NC(=O)CNC(=O)[C@@H](C)NC(=O)[C@@H](N)Cc1ccc(O)cc1)C(=O)O
caco2_wang:train_val:518,Metkephamid,train_val,-7.3099999000000011,CN[C@@H](CCSC)C(=O)NC(=O)[C@H](Cc1ccccc1)NC(=O)CNC(=O)[C@@H](C)NC(=O)[C@@H](N)Cc1ccc(O)cc1
caco2_wang:train_val:519,"3-[5-(4-hydroxyphenyl)-1,3-oxazol-2-yl]phenol (18)",train_val,-5.1011863000000002,Oc1ccc(-c2cnc(-c3cccc(O)c3)o2)cc1
caco2_wang:train_val:520,EF5289,train_val,-4.2600002000000003,CCOC(=O)COc1ccc(C(=O)CN2CCN(C3CCN(C(=O)OCOC(=O)C(C)(C)C)CC3)CC2=O)cc1
caco2_wang:train_val:521,EF5154,train_val,-6.1199999000000025,O=C(O)COc1ccc(C(=O)CN2CCN(C3CCNCC3)CC2=O)cc1
caco2_wang:train_val:522,EF5170,train_val,-5.79,CCCCOC(=O)COc1ccc(C(=O)CN2CCN(C3CCNCC3)CC2=O)cc1
caco2_wang:train_val:523,EF5232,train_val,-5.29,CCCCC(C)OC(=O)COc1ccc(C(=O)CN2CCN(C3CCNCC3)CC2=O)cc1
caco2_wang:train_val:524,EF5242,train_val,-4.7399997999999997,CCCCCCC(C)OC(=O)COc1ccc(C(=O)CN2CCN(C3CCNCC3)CC2=O)cc1
caco2_wang:train_val:525,EF5251,train_val,-4.2800001999999999,CCOC(=O)COc1ccc(C(=O)CN2CCN(C3CCN(C(=O)OC(C)OC(C)=O)CC3)CC2=O)cc1
caco2_wang:train_val:526,EF5265,train_val,-4.1500001000000015,CCOCC(COCC)OC(=O)COc1ccc(C(=O)CN2CCN(C3CCN(C(=O)OC(C)OC(C)=O)CC3)CC2=O)cc1
caco2_wang:train_val:527,EF5270,train_val,-4.0199999999999996,CCOC(=O)COc1ccc(C(=O)CN2CCN(C3CCN(C(=O)OC(OC(C)=O)C(C)(C)C)CC3)CC2=O)cc1
caco2_wang:train_val:528,EF5278,train_val,-4,CCOC(=O)COc1ccc(C(=O)CN2CCN(C3CCN(C(=O)OC(OC(=O)C(C)(C)C)C(C)(C)C)CC3)CC2=O)cc1
caco2_wang:train_val:529,EF5283,train_val,-4.1399998999999994,CCOC(=O)COc1ccc(C(=O)CN2CCN(C3CCN(C(=O)OC(C)OC(=O)C(C)(C)C)CC3)CC2=O)cc1
caco2_wang:train_val:530,12q,train_val,-5.8219547,Cn1cnc(S(=O)(=O)N(CCN(Cc2cncn2C)c2ccc(C#N)cc2)CC2CCCCC2)c1
caco2_wang:train_val:531,Meloxicam,train_val,-4.7058600999999998,Cc1cnc(N/C(O)=C2/C(=O)c3ccccc3S(=O)(=O)N2C)s1
caco2_wang:train_val:532,(-)-epicatechin,train_val,-6.2199998000000001,Oc1cc(O)c2c(c1)OC(c1ccc(O)c(O)c1)C(O)C2
caco2_wang:train_val:533,(-)-Epicatechin (36),train_val,-6.4311924000000005,Oc1cc(O)c2c(c1)O[C@H](c1ccc(O)c(O)c1)[C@H](O)C2
caco2_wang:train_val:534,Epigallocatechin (EGC),train_val,-6.8284067999999998,Oc1cc(O)c2c(c1)O[C@H](c1cc(O)c(O)c(O)c1)[C@H](O)C2
caco2_wang:train_val:535,Carbendazim,train_val,-4.1011863000000002,COC(=O)Nc1nc2ccccc2[nH]1
caco2_wang:train_val:536,Laudanosine (LAU),train_val,-4.5497984999999996,COc1ccc(CC2c3cc(OC)c(OC)cc3CCN2C)cc1OC
caco2_wang:train_val:537,cephalexin,train_val,-6.3600000999999997,CC1=C(C(=O)O)N2C(=O)C(NC(=O)C(N)c3ccccc3)C2SC1
caco2_wang:train_val:538,cephalexin acetylated,train_val,-6.6300000999999975,CC(=O)NC(C(=O)NC1C(=O)N2C(C(=O)O)=C(C)CSC12)c1ccccc1
caco2_wang:train_val:539,Valsartan,train_val,-6.2600002000000003,CCCCC(=O)N(Cc1ccc(-c2ccccc2-c2nnn[nH]2)cc1)[C@H](C(=O)O)C(C)C
caco2_wang:train_val:540,Erlotinib,train_val,-4.4699998000000001,C#Cc1cccc(Nc2ncnc3cc(OCCOC)c(OCCOC)cc23)c1
caco2_wang:train_val:541,21b,train_val,-5.9593034000000005,CC1CN(CCCNC(=O)[C@@H](Cc2ccccc2)NC(=O)C2(NC(=O)c3cc4ccccc4s3)CCCC2)CC(C)N1
caco2_wang:train_val:542,32b,train_val,-4.8880280999999997,COc1ccc2c(O[C@@H]3C[C@H]4C(=O)N[C@]5(C(=O)NS(=O)(=O)C6CC6)C[C@H]5/C=C\CCCCN(C)C(=O)[C@@H]4C3)cc(-c3nc(C(C)C)cs3)nc2c1
caco2_wang:train_val:543,TMC435350 (32c),train_val,-5.0778604000000005,COc1ccc2c(O[C@@H]3C[C@H]4C(=O)N[C@]5(C(=O)NS(=O)(=O)C6CC6)C[C@H]5/C=C\CCCCN(C)C(=O)[C@@H]4C3)cc(-c3nc(C(C)C)cs3)nc2c1C
caco2_wang:train_val:544,32f,train_val,-5.2382860000000004,COc1ccc2c(O[C@@H]3C[C@H]4C(=O)N[C@]5(C(=O)NS(=O)(=O)C6CC6)C[C@H]5/C=C\CCCCN(C)C(=O)[C@@H]4C3)cc(-c3nc(C(C)C)cs3)nc2c1Cl
caco2_wang:train_val:545,Imatinib,train_val,-5.3899999000000003,Cc1ccc(NC(=O)c2ccc(CN3CCN(C)CC3)cc2)cc1Nc1nccc(-c2cccnc2)n1
caco2_wang:train_val:546,Prednisolone,train_val,-5.3699999000000025,C[C@]12CC(O)[C@H]3[C@@H](CCC4=CC(=O)C=C[C@@]43C)[C@@H]1CC[C@]2(O)C(=O)CO
caco2_wang:train_val:547,677-Prednisolone,train_val,-5.4436974999999999,C[C@@]12C=CC(=O)C=C1CC[C@@H]1[C@@H]2[C@@H](O)C[C@@]2(C)[C@H]1CC[C@]2(O)C(=O)CO
caco2_wang:train_val:548,Methylprednisolone,train_val,-5.1161517999999999,C[C@H]1C[C@H]2[C@@H]3CC[C@](O)(C(=O)CO)[C@@]3(C)C[C@H](O)[C@@H]2[C@@]2(C)C=CC(=O)C=C12
caco2_wang:train_val:549,prednisolone,train_val,-4.7199998000000001,C[C@]12C[C@H](O)[C@H]3[C@@H](CCC4=CC(=O)C=C[C@@]43C)[C@@H]1CC[C@]2(O)C(=O)CO
caco2_wang:train_val:550,"2-Amino-1-methyl-6-phenylimidazo-[4,5-b]pyridine (PhIP)",train_val,-4.8205117999999993,Cn1c(N)nc2ncc(-c3ccccc3)cc21
caco2_wang:train_val:551,32,train_val,-4.9586072000000003,CC(=O)c1cccc(NC(=O)N[C@@H]2CCCC[C@H]2CN2CCC[C@@H](Cc3ccc(F)cc3)C2)c1
caco2_wang:train_val:552,CPU-86017,train_val,-6.2314224000000005,COc1ccc2c(c1OC)C[N+]1(Cc3ccc(Cl)cc3)CCc3cc4c(cc3C1C2)OCO4.[Cl-]
caco2_wang:train_val:553,OXn,train_val,-4.0100002000000003,CC(=O)c1ccc2c(c1)N1C(=O)OCC1CC2
caco2_wang:train_val:554,L-alanine,train_val,-5.4201082999999999,C[C@H](N)C(=O)O
caco2_wang:train_val:555,"(2E,4Z,8Z)-N-isobutyldodeca-2,4,10-triene-8 -ynamide",train_val,-3.8599999,C/C=C\C#CCC/C=C\C=C\C(=O)NCC(C)C
caco2_wang:train_val:556,Glycylsarcosine,train_val,-4.9000000999999997,CN(CC(=O)O)C(=O)CN
caco2_wang:train_val:557,Choline,train_val,-4.9521427000000005,C[N+](C)(C)CCO
caco2_wang:train_val:558,Capric acid (decanoic acid),train_val,-4.6799998,CCCCCCCCCC(=O)O
caco2_wang:train_val:559,Ac-Gly-Asn-Ala-NH2,train_val,-6.5900002000000004,CC(=O)NCC(=O)N[C@@H](CC(N)=O)C(=O)N[C@@H](C)C(N)=O
caco2_wang:train_val:560,Ac-Gly-Lys-Ala-NH2,train_val,-7.0100002000000003,CC(=O)NCC(=O)N[C@@H](CCCCN)C(=O)N[C@@H](C)C(N)=O
caco2_wang:train_val:561,Glutaminic Acid,train_val,-6.0700002,NC(CCC(=O)O)C(=O)O
caco2_wang:train_val:562,glycerol,train_val,-4.8299999000000016,OCC(O)CO
caco2_wang:train_val:563,"8-Hydroxy-pentadeca-(9E,13Z)-dien-11-yn-2-one (2)",train_val,-4.3099017000000002,C/C=C\C#C/C=C/C(O)CCCCCC(C)=O
caco2_wang:train_val:564,CD1,train_val,-3.5099999999999998,CCCCCCCCCC(=O)OC
caco2_wang:train_val:565,"Pentadeca-(8Z,13Z)dien-11-yn-2-one (5)",train_val,-5,C/C=C\C#CC/C=C\CCCCCC(C)=O
caco2_wang:train_val:566,"Tetradec-(8Z)-ene-11,13-diyn-2-one (6)",train_val,-4.4924249999999999,C#CC#CC/C=C\CCCCCC(C)=O
caco2_wang:train_val:567,CD21,train_val,-4.1199998999999998,CCCCCCCCCC(=O)NN
caco2_wang:train_val:568,"(2E,4Z,8Z)-N-isobutyldodeca-2,4,10-triene-8 -ynamide (4) mw = 245",train_val,-4,C/C=C/C#CCC/C=C\C=C\C(=O)NCC(C)C
caco2_wang:train_val:569,Valproic acid,train_val,-4.3200002,CCCC(CCC)C(=O)O
caco2_wang:train_val:570,808-Asn-Ala-NH2,train_val,-6.5885487000000005,CC(NC(=O)C(N)CC(N)=O)C(N)=O
caco2_wang:train_val:571,"(2E,9Z)-N-(2-methylbutyl)pentadeca-2,9-diene-12,14-diynamide",train_val,-4.4299998,C#CC#CC/C=C\CCCCC/C=C/C(=O)NCC(C)CC
caco2_wang:train_val:572,5-aminolevulinic acid,train_val,-5.3400002000000004,NCC(=O)CCC(=O)O
caco2_wang:train_val:573,Putrescine,train_val,-4.5179657999999998,NCCCCN
caco2_wang:train_val:574,"453-(2E,4E,8Z,10Z)-N-Isobutyldodeca-2,4,8,10-tetraenamide (5) mw=247",train_val,-4.2441253999999997,C/C=C\C=C/CC/C=C/C=C/C(=O)NCC(C)C
caco2_wang:train_val:575,"643-(2E,4E,8Z)-N-isobutyldodeca-2,4,8-trienamide (6) mw = 249",train_val,-4.6989698000000004,CCC/C=C\CC/C=C/C=C/C(=O)NCC(C)C
caco2_wang:train_val:576,Acrylamide,train_val,-4.5693182999999999,C=CC(N)=O
caco2_wang:train_val:577,methanol,train_val,-4.4899997999999997,CO
caco2_wang:train_val:578,Glutamine,train_val,-6.0702905999999999,NC(=O)CC[C@H](N)C(=O)O
caco2_wang:train_val:579,Tryptanthrin,train_val,-4.1999997999999996,O=C1c2ccccc2-n2c1nc1ccccc1c2=O
caco2_wang:train_val:580,cefazolin,train_val,-6.2300000000000004,Cc1nnc(SCC2=C(C(=O)O)N3C(=O)[C@@H](NC(=O)Cn4cnnn4)[C@H]3SC2)s1
caco2_wang:train_val:581,366094,train_val,-5,CNC(=O)C(c1ccc2nc(N)n(C(C)C)c2c1)c1cccc(F)c1F
caco2_wang:train_val:582,353462,train_val,-4.1700001000000002,CN(C)C(=O)NS(=O)(=O)n1c(N)nc2ccc(C(C(N)=O)c3cccc(F)c3)cc21
caco2_wang:train_val:583,354400,train_val,-4.5388007000000004,CC(C)NS(=O)(=O)n1c(N)nc2ccc(C(C(N)=O)c3cc(F)ccc3F)cc21
caco2_wang:train_val:584,366853,train_val,-5.1874509000000009,CC(C)n1c(N)nc2ccc(C(C(N)=O)c3cccc(F)c3F)cc21
caco2_wang:train_val:585,341908,train_val,-4.3312735999999994,CC(C)NS(=O)(=O)n1c(N)nc2ccc(C(C(N)=O)c3cccc(F)c3)cc21
caco2_wang:train_val:586,LY366092,train_val,-4.0300001999999999,CNC(=O)/C=C(/c1ccc2nc(N)n(S(=O)(=O)C(C)C)c2c1)c1ccccc1-c1cccc2ccccc12
caco2_wang:train_val:587,3,train_val,-5.0799999000000016,COC(=O)C[C@@H](C(=O)NN(Cc1ccc(/C=C\c2ccccc2)cc1)C[C@@](O)(Cc1ccccc1)C(=O)NC1c2ccccc2C[C@H]1O)C(C)(C)C
caco2_wang:train_val:588,PNU200681,train_val,-6.6994847999999996,Cc1ccnc2[nH]c(Cc3nc4ccc(/C(N)=N\O)cc4[nH]3)nc12
caco2_wang:train_val:589,(Z)-19g,train_val,-5.1599997999999996,CN1C(=O)CC(N2CCCN(CC/C=C3/c4ccccc4CCc4ccc(C(=O)O)cc43)CC2)N(C)C1=O
caco2_wang:train_val:590,(Z)-19f,train_val,-5.3200002,CN1C(=O)CC(N2CCCN(CC/C=C3/c4ccccc4CCc4ccc(CC(=O)O)cc43)CC2)N(C)C1=O
caco2_wang:train_val:591,31,train_val,-4.8399267000000004,CNCc1cnc(C)cc1Oc1ccccc1Oc1ccccc1
caco2_wang:train_val:592,quinidine,train_val,-4.6900000999999998,C=C[C@H]1CN2CC[C@H]1C[C@@H]2[C@@H](O)c1ccnc2ccc(OC)cc12
caco2_wang:train_val:593,Quinidine,train_val,-4.6799998,C=C[C@H]1CN2CC[C@H]1C[C@@H]2C(O)c1ccnc2ccc(OC)cc12
caco2_wang:train_val:594,Spironolactone,train_val,-4.5008955000000004,C=C[C@@H]1CN2CC[C@@H]1C[C@H]2[C@H](O)c1ccnc2ccc(OC)cc12
caco2_wang:train_val:595,Dexamethasone-?-D-glucoside,train_val,-6.3982739000000004,C[C@@H]1C[C@H]2[C@@H]3CCC4=CC(=O)C=C[C@]4(C)[C@@]3(F)[C@@H](O)C[C@]2(C)[C@@]1(O)C(=O)COC1O[C@@H](CO)[C@H](O)[C@@H](O)[C@@H]1O
caco2_wang:train_val:596,dexamethasone b D glucoside,train_val,-6.54,C[C@@H]1C[C@H]2[C@@H]3CCC4=CC(=O)C=C[C@]4(C)[C@@]3(F)[C@@H](O)C[C@]2(C)[C@@]1(O)C(=O)CO[C@H]1O[C@@H](CO)[C@H](O)[C@@H](O)[C@@H]1O
caco2_wang:train_val:597,dexamethasone b D glucuronide,train_val,-6.1199999000000025,C[C@@H]1C[C@H]2[C@@H]3CCC4=CC(=O)C=C[C@]4(C)[C@@]3(F)[C@@H](O)C[C@]2(C)[C@@]1(O)C(=O)CO[C@H]1O[C@@H](C(=O)O)[C@H](O)[C@@H](O)[C@@H]1O
caco2_wang:train_val:598,Dexamethasone-?-D-glucuronide,train_val,-5.9796510000000005,C[C@@H]1C[C@H]2[C@@H]3CCC4=CC(=O)C=C[C@]4(C)[C@@]3(F)[C@@H](O)C[C@]2(C)[C@@]1(O)C(=O)COC1O[C@@H](CC(=O)O)[C@H](O)[C@@H](O)[C@@H]1O
caco2_wang:train_val:599,16,train_val,-5.6010299000000003,COc1cnn(C)c(=O)c1-c1ccc(C[C@@H](CO)NC(=O)c2c(Cl)cccc2Cl)cc1
caco2_wang:train_val:600,Bromazepam,train_val,-4.4000000999999997,O=C1CN=C(c2ccccn2)c2cc(Br)ccc2N1
caco2_wang:train_val:601,Rebaudioside A,train_val,-6.9593033999999996,C=C1C[C@]23CC[C@H]4[C@@](C)(CCC[C@@]4(C)C(=O)OC4O[C@@H](CO)[C@H](O)[C@@H](O)[C@@H]4O)C2CC(O[C@H]2O[C@@H](CO)[C@H](O)C(O[C@H]4O[C@@H](CO)[C@H](O)[C@@H](O)[C@@H]4O)[C@@H]2O[C@H]2O[C@@H](CO)[C@H](O)[C@@H](O)[C@@H]2O)[C@H]1C3
caco2_wang:train_val:602,PB-27,train_val,-5.7979398,Cn1cncc1CN1CC(N(Cc2ccccn2)S(=O)(=O)c2ccccn2)Cc2cc(C#N)ccc21
caco2_wang:train_val:603,Phencyclidine (PCP),train_val,-4.4800000000000004,c1ccc(C2(N3CCCCC3)CCCCC2)cc1
caco2_wang:train_val:604,N-Acetyl-D-phenylalanine Phenethylamide (11a),train_val,-4.4210457999999999,CC(=O)N[C@H](Cc1ccccc1)C(=O)NCCc1ccccc1
caco2_wang:train_val:605,N-Acetyl-D-phenylalanyl-D-phenylalanine N-Methylamide (5a),train_val,-5.0499267999999997,CNC(=O)[C@@H](Cc1ccccc1)NC(=O)[C@@H](Cc1ccccc1)NC(C)=O
caco2_wang:train_val:606,Ac-D-phe2-NH2,train_val,-5.6994847999999996,CC(=O)N[C@@H](Cc1ccccc1)C(=O)N[C@H](Cc1ccccc1)C(N)=O
caco2_wang:train_val:607,Liquiritin apioside ,train_val,-7.1199999000000025,O=c1cc(-c2ccc(O)cc2)oc2cc(O[C@@H]3O[C@H](CO)[C@@H](O)[C@H](O)[C@H]3O[C@@H]3OC[C@](O)(CO)[C@H]3O)cc(O)c12
caco2_wang:train_val:608,KAR-2,train_val,-4.8616409000000003,CC[C@]1(O)C[C@H]2CN(CCc3c([nH]c4ccccc34)[C@@](C(=O)OC)(c3cc4c(cc3OC)N(C)[C@H]3[C@@]5(C[C@]6(CC)C=CCN7CC[C@]43[C@@H]76)OC(=O)N(CCCl)C5=O)C2)C1
caco2_wang:train_val:609,PNU-179397,train_val,-4.3099999000000002,CCC(=O)NC[C@H]1CN(c2ccc(-n3cc(C#N)cn3)c(F)c2)C(=O)O1
caco2_wang:train_val:610,"UK 224,671",train_val,-5.8969544999999997,NS(=O)(=O)N1CCN(C2CN(CC[C@]3(c4ccc(Cl)c(Cl)c4)CCC(=O)N(CC4CC4)C3)C2)CC1
caco2_wang:train_val:611,camptothecin,train_val,-4.1100001000000015,CC[C@@]1(O)C(=O)OCc2c1cc1n(c2=O)Cc2cc3ccccc3nc2-1
caco2_wang:train_val:612,9-Nitrocamptothecin (9-NC),train_val,-5.1985430999999984,CC[C@@]1(O)C(=O)OCc2c1cc1n(c2=O)Cc2cc3c(N(O)O)cccc3nc2-1
caco2_wang:train_val:613,propranolol ester,train_val,-4.5100002000000003,CC(C)NC[C@H](COc1cccc2ccccc12)OC(=O)C1CC1
caco2_wang:train_val:614,Propranolol ester,train_val,-4.1608586000000001,CC(C)NCC(COc1cccc2ccccc12)OC(=O)C1CC1
caco2_wang:train_val:615,hydralazine,train_val,-5.1700000999999984,NNc1nncc2ccccc12
caco2_wang:train_val:616,neolignan smi05,train_val,-4.7300000000000004,C=CCc1cc(OC)c(OC(C)Cc2cc(OC)c(OC)c(OC)c2)c(OC)c1
caco2_wang:train_val:617,neolignan smi08,train_val,-4.5500002000000004,C=CCc1cc(OC)c(OC(C)C(O)c2cc(OC)c(OC)c(OC)c2)c(OC)c1
caco2_wang:train_val:618,neolignan smi09,train_val,-4.5100002000000003,C=CCc1cc(OC)c(OC(C)C(O)c2ccc(O)c(OC)c2)c(OC)c1
caco2_wang:train_val:619,neolignan smi06,train_val,-4.5900002000000004,C=CCc1cc(OC)c(OC(C)C(OC(C)=O)c2ccc(OC)c(OC)c2)c(OC)c1
caco2_wang:train_val:620,neolignan smi07,train_val,-4.6199999000000016,C=CCc1cc(OC)c(OC(C)C(O)c2ccc(OC)c(OC)c2)c(OC)c1
caco2_wang:train_val:621,neolignan smi10,train_val,-4.6500000999999997,C=CCc1cc(OC)c(OC(C)C(O)c2cc(O)cc(OC)c2)c(OC)c1
caco2_wang:train_val:622,G6191,train_val,-6.4579659000000005,CN1C(=O)CN(CCC(=O)O)C(=O)c2cc(NCc3ccc(C(=N)N)cc3)ccc21
caco2_wang:train_val:623,G6264,train_val,-6.8519359,CCOC(=O)CCN1CC(=O)N(C)c2ccc(NCc3ccc(C(=N)N)cc3)cc2C1=O
caco2_wang:train_val:624,8,train_val,-5.1011863000000002,COc1cc(C)ccc1S(=O)(=O)NC(=O)C(c1ccc2c(c1)OCO2)c1cn(C)c2cc(C#N)ccc12
caco2_wang:train_val:625,10,train_val,-4.6994847999999996,COc1cc(C)ccc1S(=O)(=O)NC(=O)C(c1ccc2c(c1)OCO2)c1cn(C)c2cc(F)ccc12
caco2_wang:train_val:626,11,train_val,-5.8519359,COc1cc(C)ccc1S(=O)(=O)NC(=O)C(c1ccc2c(c1)OCO2)c1cn(C)c2cc(C(C)=O)ccc12
caco2_wang:train_val:627,12,train_val,-5.3005152000000004,COCc1ccc2c(C(C(=O)NS(=O)(=O)c3ccc(C)cc3OC)c3ccc4c(c3)OCO4)cn(C)c2c1
caco2_wang:train_val:628,14,train_val,-5.7697759000000008,Cc1ccc(S(=O)(=O)NC(=O)C(c2ccc3c(c2)OCO3)c2cn(C)c3cc(CO)ccc23)cc1
caco2_wang:train_val:629,15,train_val,-5.7979398,COCCn1cc(C(C(=O)NS(=O)(=O)c2ccc(C)cc2OC)c2ccc3c(c2)OCO3)c2ccc(COC)cc21
caco2_wang:train_val:630,16,train_val,-5.7206230000000025,COCCn1cc(C(C(=O)NS(=O)(=O)c2ccc(C)cc2OC)c2ccc3c(c2)OCO3)c2ccc(F)cc21
caco2_wang:train_val:631,13,train_val,-4.6994847999999996,CCOC(=O)c1ccc2c(C(C(=O)NS(=O)(=O)c3ccc(C)cc3OC)c3ccc4c(c3)OCO4)cn(C)c2c1
caco2_wang:train_val:632,theophylline,train_val,-4.3499999000000003,Cn1c(=O)c2[nH]cnc2n(C)c1=O
caco2_wang:train_val:633,Pentoxifylline,train_val,-4.1799998,CC(=O)CCCCn1c(=O)c2c(ncn2C)n(C)c1=O
caco2_wang:train_val:634,caffeine,train_val,-4.3400002000000004,Cn1c(=O)c2c(ncn2C)n(C)c1=O
caco2_wang:train_val:635,Org 13011,train_val,-4.7399997999999997,O=C1CCCN1CCCCN1CCN(c2cc(C(F)(F)F)ccn2)CC1
caco2_wang:train_val:636,daidzin ,train_val,-6.3600000999999997,O=c1c(-c2ccc(O)cc2)coc2cc(OC3OC(CO)C(O)C(O)C3O)ccc12
caco2_wang:train_val:637,Gomisin A,train_val,-4.5693182999999999,COc1cc2c(c(OC)c1OC)-c1c(cc3c(c1OC)OCO3)C[C@H](C)[C@@](C)(O)C2
caco2_wang:train_val:638,4-(quinolin-4-ylmethylamino)-N-(3-(trifluoromethyl)phenyl)isothiazole-3-carboxamide (30),train_val,-5.5700002,O=C(Nc1cccc(C(F)(F)F)c1)c1nscc1NCc1ccnc2ccccc12
caco2_wang:train_val:639,PNU-179399,train_val,-5.8880280999999997,NC(=S)NC[C@H]1CN(c2ccc(C3CCS(=O)(=O)CC3)c(F)c2)C(=O)O1
caco2_wang:train_val:640,6,train_val,-5.8989700999999997,Cn1c(NCCCN2CCC(CN3c4ccccc4Sc4ccc(C(=O)O)cc43)CC2)cc(=O)n(C)c1=O
caco2_wang:train_val:641,6b,train_val,-5.7209244000000004,CN(CCCN1CCC(CN2c3ccccc3Sc3ccc(C(=O)O)cc32)CC1)c1cc(=O)n(C)c(=O)n1C
caco2_wang:train_val:642,Chlorpheniramine,train_val,-4.2800001999999999,CN(C)CCC(c1ccc(Cl)cc1)c1ccccn1
caco2_wang:train_val:643,Imidacloprid (IMI),train_val,-4.6677732000000001,ON(O)NC1=NCCN1Cc1ccc(Cl)nc1
caco2_wang:train_val:644,Ergonovine,train_val,-5.1684264999999998,CC(CO)NC(=O)C1C=C2c3cccc4[nH]cc(c34)CC2N(C)C1
caco2_wang:train_val:645,Betaxolol,train_val,-4.3156309000000004,CC(C)NCC(O)COc1ccc(CCOCC2CC2)cc1
caco2_wang:train_val:646,betazolol,train_val,-4.8099999000000002,CC(C)NC[C@@H](O)COc1ccc(CCOCC2CC2)cc1
caco2_wang:train_val:647,S1,train_val,-5.0300001999999999,C=CCNC(=O)C(=O)C(CCC)NC(=O)C1CC2CN1C(=O)C(C1CCCCC1)NC(=O)Cc1cccc(c1)OCCC(C)(C)O2
caco2_wang:train_val:648,Diphenhydramine,train_val,-4.2699999999999996,CN(C)CCOC(c1ccccc1)c1ccccc1
caco2_wang:train_val:649,Methadone,train_val,-4.6599997999999996,CCC(=O)C(CC(C)N(C)C)(c1ccccc1)c1ccccc1
caco2_wang:train_val:650,vinblastine,train_val,-5.4800000000000004,CC[C@]1(O)C[C@@H]2CN(CCc3c([nH]c4ccccc34)[C@@](C(=O)OC)(c3cc4c(cc3OC)N(C)[C@H]3[C@@](O)(C(=O)OC)[C@H](OC(C)=O)[C@]5(CC)C=CCN6CC[C@]43[C@@H]65)C2)C1
caco2_wang:train_val:651,Icariin,train_val,-6.2292060999999999,COc1ccc(-c2oc3c(CC=C(C)C)c(O[C@@H]4O[C@H](CO)[C@@H](O)[C@H](O)[C@H]4O)cc(O)c3c(=O)c2O[C@H]2O[C@H](C)[C@@H](O)[C@H](O)[C@@H]2O)cc1
caco2_wang:train_val:652,Telaprevir,train_val,-5.3899999000000003,CCC[C@H](NC(=O)[C@@H]1[C@H]2CCC[C@H]2CN1C(=O)[C@@H](NC(=O)[C@@H](NC(=O)c1cnccn1)C1CCCCC1)C(C)(C)C)C(=O)C(=O)NC1CC1
caco2_wang:train_val:653,VX-950,train_val,-5.3200002,CCC[C@H](NC(=O)C1[C@H]2CCC[C@H]2CN1C(=O)[C@@H](NC(=O)[C@@H](NC(=O)c1cnccn1)C1CCCCC1)C(C)(C)C)C(=O)C(=O)NC1CC1
caco2_wang:train_val:654,V,train_val,-4.5500002000000004,CCOc1cccc(NC(=O)OCCN2CCCC2)c1
caco2_wang:train_val:655,VIII,train_val,-4.5700002,CCCOc1cccc(NC(=O)OCCN2CCCC2)c1
caco2_wang:train_val:656,XI,train_val,-4.5900002000000004,CCCCOc1cccc(NC(=O)OCCN2CCCC2)c1
caco2_wang:train_val:657,XIV,train_val,-4.7699999999999996,CCCCCOc1cccc(NC(=O)OCCN2CCCC2)c1
caco2_wang:train_val:658,20(S)-camptothecin (CPT),train_val,-4.3318485999999998,CC[C@]1(O)C(=O)OCc2c1cc1n(c2=O)-c2cc3ccccc3nc2C1
caco2_wang:train_val:659,b,train_val,-5.5999999000000003,O=C(O)CC(CC1CCN(C(=O)CCc2ccc3c(n2)NCCC3)CC1)C1CNc2ccccc2C1
caco2_wang:train_val:660,2,train_val,-4.3099999000000002,NC(=O)c1c(F)ccc(OCc2nc3cc(Cl)cnc3s2)c1F
caco2_wang:train_val:661,IRR (23),train_val,-6.5388007000000004,COc1cc(-c2oc3cc(O)cc(O)c3c(=O)c2OC2O[C@H](CO[C@H]3O[C@H](C)[C@@H](O)[C@H](O)[C@@H]3O)[C@@H](O)[C@H](O)[C@H]2O)ccc1O
caco2_wang:train_val:662,IRR ,train_val,-6.54,COc1cc(-c2oc3cc(O)cc(O)c3c(=O)c2O[C@@H]2O[C@H](CO[C@@H]3O[C@@H](C)[C@H](O)[C@@H](O)[C@H]3O)[C@@H](O)[C@H](O)[C@H]2O)ccc1O
caco2_wang:train_val:663,"879-(cis)-[2-(E-Phenylvinyl)-1,3-dioxan-5-yl]amine (6a)",train_val,-4.9913997999999999,C=C(c1ccccc1)C1OCC(N)CO1
caco2_wang:train_val:664,"880-(2S,4S,5R)-[2-(E-Phenylvinyl)-4-methyl-1,3-dioxan-5-yl]amine (6b)",train_val,-4.9880070999999999,C=C(c1ccccc1)[C@H]1OC[C@@H](N)[C@H](C)O1
caco2_wang:train_val:665,lisinopril,train_val,-7.3899999000000012,NCCCC[C@H](N[C@@H](CCc1ccccc1)C(=O)O)C(=O)N1CCC[C@H]1C(=O)O
caco2_wang:train_val:666,Enalaprilat,train_val,-5.8800000999999975,C[C@H](N[C@H](CCc1ccccc1)C(=O)O)C(=O)N1CCC[C@@H]1C(=O)O
caco2_wang:train_val:667,enalapril,train_val,-5.6719999000000003,CCOC(=O)[C@H](CCc1ccccc1)N[C@@H](C)C(=O)N1CCC[C@H]1C(=O)O
caco2_wang:train_val:668,Lisinopril,train_val,-6.6599997999999996,NCCCC[C@H](N[C@@H](CCc1ccccc1)C(=O)O)C(=O)N1CCC[C@@H]1C(=O)O
caco2_wang:train_val:669,Chlorzoxazone,train_val,-4.1900001000000016,O=c1[nH]c2cc(Cl)ccc2o1
caco2_wang:train_val:670,LY334370,train_val,-5.3211966000000004,CN1CCC(c2c[nH]c3ccc(NC(=O)c4ccc(F)cc4)cc23)CC1
caco2_wang:train_val:671,Losartan,train_val,-6.0727586999999996,CCCCc1nc(Cl)c(CO)n1Cc1ccc(-c2ccccc2-c2nnn[nH]2)cc1
caco2_wang:train_val:672,C,train_val,-5.1580719999999998,O=C(Nc1cccc(C(F)(F)F)c1)c1ccccc1NCc1ccncc1
caco2_wang:train_val:673,167-cephradine,train_val,-5.6925039000000002,CC1=C(C(=O)O)N2C(=O)[C@@H](NC(=O)[C@@H](N)C3=CCC=CC3)[C@H]2SC1
caco2_wang:train_val:674,isoquercitrin ,train_val,-6.1700000999999975,O=c1c(OC2C(O)OC(CO)C(O)C2O)c(-c2ccc(O)c(O)c2)oc2cc(O)cc(O)c12
caco2_wang:train_val:675,Nelfinavir,train_val,-6.1500000999999997,Cc1c(O)cccc1C(=O)N[C@@H](CSc1ccccc1)[C@H](O)CN1C[C@H]2CCCC[C@H]2C[C@H]1C(=O)NC(C)(C)C
caco2_wang:train_val:676,"2',3'-dideoxyinosine (ddI)",train_val,-5.6708102,OC[C@@H]1CC[C@H](n2cnc3c(O)ncnc32)O1
caco2_wang:train_val:677,32g,train_val,-4.8219547,COc1ccc2c(O[C@@H]3C[C@H]4C(=O)N[C@]5(C(=O)NS(=O)(=O)C6CC6)C[C@H]5/C=C\CCCCN(C)C(=O)[C@@H]4C3)cc(-n3ccc(C(C)C)n3)nc2c1C
caco2_wang:train_val:678,Cycloheximide,train_val,-4.8400002000000004,C[C@H]1C[C@H](C)C(=O)[C@H]([C@H](O)CC2CC(=O)NC(=O)C2)C1
caco2_wang:train_val:679,Clozapine,train_val,-4.5100002000000003,CN1CCN(C2=c3ccccc3=Nc3ccc(Cl)cc3N2)CC1
caco2_wang:train_val:680,N-desmethylclozapine,train_val,-4.6799998,Clc1ccc2c(c1)NC(N1CCNCC1)=c1ccccc1=N2
caco2_wang:train_val:681,8,train_val,-5.3200002,COCCNC(=O)[C@H](NC(=O)[C@](O)(Cc1ccccc1)CN(Cc1ccc(Br)cc1)NC(=O)[C@H](CC(=O)OC)C(C)(C)C)C(C)C
caco2_wang:train_val:682,10,train_val,-5.5999999000000003,CNC(=O)[C@H](NC(=O)[C@](O)(Cc1ccccc1)CN(Cc1ccc(Br)cc1)NC(=O)[C@H](CC(=O)OC)C(C)(C)C)C(C)(C)C
caco2_wang:train_val:683,Umbelliferone,train_val,-4.5710139000000005,O=c1ccc2ccc(O)cc2o1
caco2_wang:train_val:684,Angelol-A,train_val,-4.8123703000000004,C/C=C(/C)C(=O)O[C@H](c1cc2ccc(=O)oc2cc1OC)[C@H](O)C(C)(C)O
caco2_wang:train_val:685,Angelol-B,train_val,-4.8499289000000001,C/C=C(/C)C(=O)O[C@@H]([C@@H](O)c1cc2ccc(=O)oc2cc1OC)C(C)(C)O
caco2_wang:train_val:686,30d,train_val,-5.7979398,O=C(NC1(C(=O)N[C@H](Cc2ccccc2)C(=O)NCC2CCN(C3CCOCC3)CC2)CCCC1)c1cc2ccccc2s1
caco2_wang:train_val:687,PDE-310,train_val,-4.71,ON1C=CC=C(c2cc3nccc(-c4ccc(OC(F)F)c(OCC5CC5)c4)n3n2)C1
caco2_wang:train_val:688,Neostenine,train_val,-4.9198675000000005,CC[C@@H]1C2CCCCN3CCC(C23)[C@@H]2[C@H](C)C(=O)O[C@H]12
caco2_wang:train_val:689,Amiloride,train_val,-6.2518120000000001,N=C(N)NC(=O)c1nc(Cl)c(N)nc1N
caco2_wang:train_val:690,061-Amiloride,train_val,-5.5642351999999997,NC(N)=NC(=O)c1nc(Cl)c(N)nc1N
caco2_wang:train_val:691,a-Zearalanol (a-ZAL),train_val,-4.8200002,CC1CCC(O)CCCCCc2cc(O)cc(O)c2C(=O)OC1
caco2_wang:train_val:692,Glycocholate,train_val,-5.7141905,C[C@H](CCC(=O)NCC(=O)[O-])[C@H]1CC[C@H]2[C@H]3[C@H](C[C@H](O)[C@@]21C)[C@@]1(C)CC[C@@H](O)C[C@H]1C[C@H]3O
caco2_wang:train_val:693,E15,train_val,-4.1999997999999996,CC(C)S(=O)(=O)n1c(N)nc2ccc(/C(=C/C(N)=O)c3c(F)c(F)c(F)c(F)c3F)cc21
caco2_wang:train_val:694,E17,train_val,-4.3299999000000016,CC(C)S(=O)(=O)n1c(N)nc2ccc(/C(=C/C(N)=O)c3cc(F)c(F)c(F)c3)cc21
caco2_wang:train_val:695,LY366659,train_val,-4.1999997999999996,CC(C)S(=O)(=O)n1c(N)nc2ccc(/C(=C/C(N)=O)c3c(F)c(F)cc(F)c3F)cc21
caco2_wang:train_val:696,LY366799,train_val,-4.54,CC(C)S(=O)(=O)n1c(N)nc2ccc(/C(=C/C(N)=O)c3ccccc3F)cc21
caco2_wang:train_val:697,LY366853,train_val,-5.3000002000000004,C.CC(C)n1c(N)nc2ccc(/C(=C/C(N)=O)c3cccc(F)c3F)cc21
caco2_wang:train_val:698,LY366856,train_val,-4.3299999000000016,CC(C)S(=O)(=O)n1c(N)nc2ccc(/C(=C/C(N)=O)c3ccc(F)c(F)c3F)cc21
caco2_wang:train_val:699,2c,train_val,-7,N=C(N)c1cccc(-n2nc(C(F)(F)F)cc2C(=O)Nc2ncc(-c3ccccc3S(N)(=O)=O)cn2)c1
caco2_wang:train_val:700,21d,train_val,-5.8000002000000004,CC(C)[C@H](NC(=O)[C@H](OCc1ccccc1)[C@H](O)[C@@H](O)[C@@H](OCc1ccccc1)C(=O)N[C@H]1c2ccccc2C[C@H]1O)C(=O)NCCF
caco2_wang:train_val:701,2,train_val,-5.8499999000000003,CNC(=O)[C@@H](NC(=O)[C@H](OCc1ccccc1)[C@H](O)[C@@H](O)[C@@H](OCc1ccccc1)C(=O)N[C@H]1c2ccccc2C[C@H]1O)C(C)C
caco2_wang:train_val:702,21e,train_val,-5.54,CC(C)[C@H](NC(=O)[C@H](OCc1ccccc1)[C@H](O)[C@@H](O)[C@@H](OCc1ccccc1)C(=O)N[C@H]1c2ccccc2C[C@H]1O)C(=O)NCC(F)(F)F
caco2_wang:train_val:703,25c,train_val,-5.6994847999999996,CN1CCN(C(=O)CCNC(=O)[C@@H](Cc2ccccc2)NC(=O)C2(NC(=O)c3cc4ccccc4s3)CCCC2)CC1
caco2_wang:train_val:704,Chlortetracycline,train_val,-6.3200002,CN(C)[C@@H]1C(=O)C(C(N)=O)=C(O)[C@@]2(O)C(=O)C3=C(O)c4c(O)ccc(Cl)c4[C@@](C)(O)[C@H]3C[C@@H]12
caco2_wang:train_val:705,Org 5222,train_val,-4.7300000000000004,CN1C[C@@H]2c3ccccc3Oc3ccc(Cl)cc3[C@H]2C1
caco2_wang:train_val:706,"877-(2S,4S,5R)-2-[(4'-Chlorophenyl)-4-methyl-1,3-dioxan-5-yl]amine (5h)",train_val,-4.9279342000000002,C[C@@H]1O[C@@H](c2ccc(Cl)cc2)OC[C@H]1N
caco2_wang:train_val:707,"878-(2S,4S,5R)-2-[(4'-Nitrophenyl)-4-methyl-1,3-dioxan-5-yl]amine (5i)",train_val,-4.8885694000000015,C[C@@H]1O[C@@H](c2ccc(N(O)O)cc2)OC[C@H]1N
caco2_wang:train_val:708,Rofecoxib,train_val,-4.6199999000000016,NS(=O)(=O)c1ccc(C2=C(c3ccccc3)C(=O)OC2)cc1
caco2_wang:train_val:709,Trazodone,train_val,-4.6199999000000016,O=c1n(CCCN2CCN(c3cccc(Cl)c3)CC2)nc2ccccn12
caco2_wang:train_val:710,CFPN-PI,train_val,-5.1100000999999997,CC/C=C(\C(=O)N[C@@H]1C(=O)N2C(C(=O)OCOC(=O)C(C)(C)C)=C(COC(N)=O)CS[C@H]12)c1csc(N)n1.Cl.O
caco2_wang:train_val:711,016-Ceftibuten,train_val,-6.0604806,Nc1nc(/C(=C\CC(=O)O)C(=O)NC2C(=O)N3C(C(=O)O)=CCSC23)cs1
caco2_wang:train_val:712,Tamoxifen,train_val,-4.3221110999999999,CC/C(=C(/c1ccccc1)c1ccc(OCCN(C)C)cc1)c1ccccc1
caco2_wang:train_val:713,E25,train_val,-4.7399997999999997,NC(=O)/C=C(\c1cccc(F)c1)c1ccc2nc(N)n(S(=O)(=O)NC(=O)N3CCOCC3)c2c1
caco2_wang:train_val:714,E23,train_val,-4.3899999000000003,CNC(=O)/C=C(\c1cccc(F)c1)c1ccc2nc(N)n(S(=O)(=O)NC(=O)N3CCOCC3)c2c1
caco2_wang:train_val:715,14,train_val,-6.2223767999999975,CCCCCCC(N)C(=O)N[C@@H](Cc1c(C)cc(O)cc1C)C(=O)N1CCC[C@@H]1C(=O)N[C@@H](Cc1c[nH]c2ccccc12)C(=O)N[C@@H](Cc1ccccc1)C(N)=O
caco2_wang:train_val:716,13,train_val,-6.2987847000000015,Cc1cc(O)cc(C)c1C[C@H](N)C(=O)N1CCC[C@@H]1C(=O)N[C@@H](Cc1c[nH]c2ccccc12)C(=O)N[C@@H](Cc1ccccc1)C(N)=O
caco2_wang:train_val:717,2,train_val,-5.4504986000000004,CCCCCCC(N)C(=O)N[C@@H](Cc1ccc(O)cc1)C(=O)N1CCC[C@@H]1C(=O)N[C@@H](Cc1c[nH]c2ccccc12)C(=O)N[C@@H](Cc1ccccc1)C(N)=O
caco2_wang:train_val:718,U-84656 (IV),train_val,-5.8998150999999996,CNC(=O)[C@@H]1Cc2cn(cn2)CC(=O)N2CCC[C@H]2C(=O)N[C@@H](C)C(=O)N1C
caco2_wang:train_val:719,Viloxazine,train_val,-4.3899999000000003,CCOc1ccccc1OCC1CNCCO1
caco2_wang:train_val:720,PNU200648,train_val,-7.0478787000000001,Cc1ccnc2nc(Cc3nc4ccc(C(=N)N)cc4[nH]3)[nH]c12
caco2_wang:train_val:721,PNU200648,train_val,-7.0500002000000004,Cc1ccnc2nc(Cc3nc4cc(C(=N)N)ccc4[nH]3)[nH]c12
caco2_wang:train_val:722,Ajmalicine (AMC),train_val,-4.8187927999999998,COC(=O)C1=CO[C@@H](C)[C@H]2CN3CCc4c([nH]c5ccccc45)[C@@H]3C[C@@H]12
caco2_wang:train_val:723,11,train_val,-5.79,CCCCCCC(N)C(=O)N[C@@H](Cc1ccc(O)cc1)C(=O)N1CCC[C@@H]1C(=O)N[C@@H](Cc1c[nH]c2ccccc12)C(=O)N[C@@H](Cc1ccccc1)C(=O)N[C@@H]1O[C@H](C(N)=O)[C@@H](O)C(O)C1O
caco2_wang:train_val:724,Gancyclovir,train_val,-6.1012278000000002,Nc1nc2c(ncn2COC(CO)CO)c(=O)[nH]1
caco2_wang:train_val:725,Val-ACV,train_val,-5.6697760000000015,CC(C)C(N)C(=O)OCCOCn1cnc2c(=O)[nH]c(N)nc21
caco2_wang:train_val:726,1033-Dextromethorphan (DEM),train_val,-4.6289319999999998,COc1ccc2c(c1)[C@@]13CCCC[C@@H]1[C@@H](C2)N(C)CC3
caco2_wang:train_val:727,Dextromethorphan,train_val,-4.7399997999999997,COc1ccc2c(c1)C13CCCCC1C(C2)N(C)CC3
caco2_wang:test:0,I-II,test,-5.6900000999999998,O=C(O)C[C@@H](c1cnc2ccccc2c1)N1CC[C@@H](CCCc2ccc3c(n2)NCCC3)C1=O
caco2_wang:test:1,aceclofenac,test,-4.4099997999999996,O=C(O)COC(=O)Cc1ccccc1Nc1c(Cl)cccc1Cl
caco2_wang:test:2,Diclofenac,test,-4.4606810000000001,O=C(O)Cc1ccccc1Nc1c(Cl)cccc1Cl
caco2_wang:test:3,amfenac sodium,test,-4.5199999999999996,Nc1c(CC(=O)[O-])cccc1C(=O)c1ccccc1.O.[Na+]
caco2_wang:test:4,Amfenac,test,-4.5199999999999996,Nc1c(CC(=O)O)cccc1C(=O)c1ccccc1
caco2_wang:test:5,(Z)-19e,test,-4.8299999000000016,CN1C(=O)CC(N2CCN(CC/C=C3/c4ccccc4CCc4ccc(CC(=O)O)cc43)CC2)N(C)C1=O
caco2_wang:test:6,2h,test,-4.6020598000000001,CCOC(=O)c1c(Cl)cc(Cl)cc1-c1ccc([C@@H](C)NC(=O)C2(NC(=O)C(F)(F)F)CC2)c(F)c1
caco2_wang:test:7,2g,test,-4.5686363999999999,COC(=O)c1c(F)cc(Cl)cc1-c1ccc([C@@H](C)NC(=O)C2(NC(=O)C(F)(F)F)CC2)c(F)c1
caco2_wang:test:8,2f,test,-4.7447276,COC(=O)c1c(Cl)cc(Cl)cc1-c1ccc([C@@H](C)NC(=O)C2(NC(=O)C(F)(F)F)CC2)c(F)c1
caco2_wang:test:9,1,test,-4.4685210999999994,COC(=O)c1c(Cl)cccc1-c1ccc([C@@H](C)NC(=O)C2(NC(=O)C(F)(F)F)CC2)c(F)c1
caco2_wang:test:10,1,test,-5.7423639,Cc1cc(COc2ccc(C(=O)N[C@@H]3CC4(C[C@@H]3C(=O)NO)OCCO4)cc2)c2ccccc2n1
caco2_wang:test:11,Tacrolimus,test,-5.1500000999999997,C=CC[C@@H]1/C=C(\C)C[C@H](C)C[C@H](OC)[C@H]2O[C@@](O)(C(=O)C(=O)N3CCCC[C@H]3C(=O)O[C@H](/C(C)=C/[C@@H]3CC[C@@H](O)[C@H](OC)C3)[C@H](C)[C@@H](O)CC1=O)[C@H](C)C[C@@H]2OC
caco2_wang:test:12,Deoxynivalenol (DON),test,-5.3005152000000004,CC1=C[C@@H]2O[C@@H]3[C@@H](O)C[C@](C)([C@]34CO4)[C@]2(CO)[C@@H](O)C1=O
caco2_wang:test:13,OXo,test,-4.7199998000000001,CC(=O)NCC1CN(S(=O)(=O)c2ccc(C)cc2)C(=O)O1
caco2_wang:test:14,Sparfloxacin (SPX),test,-4.7784066000000003,C[C@H]1CN(c2c(F)c(N)c3c(=O)c(C(=O)O)cn(C4CC4)c3c2F)C[C@@H](C)N1
caco2_wang:test:15,Grepafloxacin HCl,test,-4.8899999000000003,Cc1c(F)c(N2CCNC(C)C2)cc2c1c(=O)c(C(=O)O)cn2C1CC1
caco2_wang:test:16,Biliverdin,test,-5.6290044999999997,C=CC1=C(C)/C(=C\C2=N/C(=C\c3[nH]c(/C=C4/NC(=O)C(C)=C4C=C)c(C)c3CCC(=O)O)C(CCC(=O)O)=C2C)NC1=O
caco2_wang:test:17,amoxicillin,test,-6.1524996999999999,CC1(C)S[C@@H]2[C@H](NC(=O)[C@H](N)c3ccc(O)cc3)C(=O)N2[C@H]1C(=O)O
caco2_wang:test:18,ampicillin,test,-5.6999997999999996,CC1(C)S[C@@H]2[C@H](NC(=O)[C@H](N)c3ccccc3)C(=O)N2[C@H]1C(=O)O
caco2_wang:test:19,Ampicillin,test,-6.0700002,CC1(C)SC2C(NC(=O)C(N)c3ccccc3)C(=O)N2C1C(=O)O
caco2_wang:test:20,benzylpenicillin,test,-6.0250000999999997,CC1(C)S[C@@H]2[C@H](NC(=O)Cc3ccccc3)C(=O)N2[C@H]1C(=O)O
caco2_wang:test:21,Penicillin G,test,-5.8697933999999998,CC1(C)S[C@H]2[C@@H](NC(=O)Cc3ccccc3)C(=O)N2[C@@H]1C(=O)O
caco2_wang:test:22,014-Ampicillin,test,-6.1023731000000003,CC1(C)S[C@]2(C)[C@H](NC(=O)[C@H](N)c3ccccc3)C(=O)N2[C@H]1C(=O)O
caco2_wang:test:23,Zomepirac,test,-4.6100000999999997,Cc1cc(CC(=O)O)n(C)c1C(=O)c1ccc(Cl)cc1
caco2_wang:test:24,serotonin,test,-4.8600000999999997,NCCc1c[nH]c2ccc(O)cc12
caco2_wang:test:25,Sumatriptan,test,-5.6828976000000004,CNS(=O)(=O)Cc1ccc2[nH]cc(CCN(C)C)c2c1
caco2_wang:test:26,tryptophan,test,-5.3899999000000003,NC(Cc1c[nH]c2ccccc12)C(=O)O
caco2_wang:test:27,tryptophanamide,test,-4.9200000999999984,NC(=O)C(N)Cc1c[nH]c2ccccc12
caco2_wang:test:28,N-acetyl-tryptophanamide,test,-5.6199999000000025,CC(=O)NC(=O)[C@@H](N)Cc1c[nH]c2ccccc12
caco2_wang:test:29,Ac-Trp-Ala-Gly-Gly-Asp-Ala-NH2,test,-7.4981045999999996,CC(=O)NC(Cc1c[nH]c2ccccc12)C(=O)NC(C)C(=O)NCC(=O)NCC(=O)NC(CC(=O)O)C(=O)NC(C)C(N)=O
caco2_wang:test:30,Ac-Trp-Ala-Gly-Gly-Lys-Ala-NH2,test,-7.3099999000000011,CC(=O)N[C@@H](Cc1c[nH]c2ccccc12)C(=O)N[C@@H](C)C(=O)NCC(=O)NCC(=O)N[C@@H](CCCCN)C(=O)N[C@@H](C)C(N)=O
caco2_wang:test:31,Acetyl-Trp-Ala-Gly-Gly-Asn-Ala-Amide,test,-7.29,CC(=O)N[C@@H](Cc1c[nH]c2ccccc12)C(=O)N[C@@H](C)C(=O)NCC(=O)NCC(=O)N[C@@H](CC(N)=O)C(=O)N[C@@H](C)C(N)=O
caco2_wang:test:32,Decursinol angelate (DA),test,-4.9204097000000004,CC(C)=CC(=O)O[C@@H]1Cc2cc3ccc(=O)oc3cc2OC1(C)C
caco2_wang:test:33,Isoquercitrin (22),test,-6.2699999999999996,O=c1c(O[C@@H]2O[C@H](CO)[C@@H](O)[C@H](O)[C@H]2O)c(-c2ccc(O)c(O)c2)oc2cc(O)cc(O)c12
caco2_wang:test:34,quercitrin ,test,-6.0999999000000003,C[C@@H]1O[C@@H](Oc2c(-c3ccc(O)c(O)c3)oc3cc(O)cc(O)c3c2=O)[C@H](O)[C@H](O)[C@H]1O
caco2_wang:test:35,Baohuoside I,test,-5.8378239000000001,COc1ccc(-c2oc3c(CC=C(C)C)c(O)cc(O)c3c(=O)c2O[C@H]2O[C@H](C)[C@@H](O)[C@H](O)[C@@H]2O)cc1
caco2_wang:test:36,Quercitrin (21),test,-6.0999999000000003,C[C@@H]1O[C@@H](Oc2c(-c3ccc(O)c(O)c3)oc3cc(O)cc(O)c3c2=O)[C@@H](O)[C@H](O)[C@@H]1O
caco2_wang:test:37,25,test,-4.6799998,CN1CCCC/C=C\[C@@H]2C[C@@]2(C(=O)NS(=O)(=O)C2CC2)NC(=O)[C@@H]2C[C@@H](Oc3nc(-c4ccccc4)nc4ccccc34)C[C@H]2C1=O
caco2_wang:test:38,45a,test,-4.8899999000000003,COc1ccc2c(O[C@@H]3C[C@H]4C(=O)N[C@]5(C(=O)NS(=O)(=O)C6CC6)C[C@H]5/C=C\CCCCN(C)C(=O)[C@@H]4C3)nc(-c3ccccc3)nc2c1
caco2_wang:test:39,45c,test,-4.6999997999999996,COc1ccc2c(O[C@@H]3C[C@H]4C(=O)N[C@]5(C(=O)NS(=O)(=O)C6CC6)C[C@H]5/C=C\CCCCN(C)C(=O)[C@@H]4C3)nc(-c3ccc(F)cc3)nc2c1
caco2_wang:test:40,51a,test,-4.8899999000000003,COc1ccc2c(O[C@@H]3C[C@H]4C(=O)N[C@]5(C(=O)NS(=O)(=O)C6CC6)C[C@H]5/C=C\CCCCN(C)C(=O)[C@@H]4C3)nc(-c3ccccc3)nc2c1C
caco2_wang:test:41,51e,test,-5.0500002000000004,COc1ccc(-c2nc(O[C@@H]3C[C@H]4C(=O)N[C@]5(C(=O)NS(=O)(=O)C6CC6)C[C@H]5/C=C\CCCCN(C)C(=O)[C@@H]4C3)c3ccc(OC)c(C)c3n2)cc1
caco2_wang:test:42,60c,test,-4.4899997999999997,COc1ccc2c(O[C@@H]3C[C@H]4C(=O)N[C@]5(C(=O)NS(=O)(=O)C6CC6)C[C@H]5/C=C\CCCCN(C)C(=O)[C@@H]4C3)nc(-c3ccc(F)cc3)nc2c1C
caco2_wang:test:43,51d,test,-5.3000002000000004,COc1ccc2c(O[C@@H]3C[C@H]4C(=O)N[C@]5(C(=O)NS(=O)(=O)C6CC6)C[C@H]5/C=C\CCCCN(C)C(=O)[C@@H]4C3)nc(-c3cccc(F)c3)nc2c1C
caco2_wang:test:44,hexapeptide 01,test,-5.8200002,C[C@@H]1NC(=O)[C@H](C)NC(=O)[C@@H](C)NC(=O)[C@H](C)NC(=O)[C@@H](C)N(C)C(=O)[C@@H](C)NC1=O
caco2_wang:test:45,hexapeptide 03,test,-5.8200002,C[C@@H]1NC(=O)[C@H](C)NC(=O)[C@@H](C)N(C)C(=O)[C@H](C)NC(=O)[C@@H](C)NC(=O)[C@@H](C)NC1=O
caco2_wang:test:46,hexapeptide 05,test,-5.8200002,C[C@@H]1NC(=O)[C@@H](C)NC(=O)[C@@H](C)NC(=O)[C@H](C)N(C)C(=O)[C@H](C)NC(=O)[C@@H](C)NC1=O
caco2_wang:test:47,hexapeptide 06,test,-5.8200002,C[C@@H]1NC(=O)[C@@H](C)NC(=O)[C@H](C)NC(=O)[C@@H](C)NC(=O)[C@@H](C)N(C)C(=O)[C@H](C)NC1=O
caco2_wang:test:48,hexapeptide 07,test,-5.8200002,C[C@@H]1NC(=O)[C@H](C)NC(=O)[C@@H](C)NC(=O)[C@H](C)N(C)C(=O)[C@@H](C)N(C)C(=O)[C@@H](C)NC1=O
caco2_wang:test:49,hexapeptide 08,test,-5.8200002,C[C@@H]1NC(=O)[C@H](C)NC(=O)[C@@H](C)N(C)C(=O)[C@H](C)NC(=O)[C@@H](C)N(C)C(=O)[C@@H](C)NC1=O
caco2_wang:test:50,hexapeptide 09,test,-5.3000002000000004,C[C@@H]1NC(=O)[C@H](C)N(C)C(=O)[C@@H](C)NC(=O)[C@H](C)NC(=O)[C@@H](C)N(C)C(=O)[C@@H](C)NC1=O
caco2_wang:test:51,hexapeptide 12,test,-5.8200002,C[C@@H]1NC(=O)[C@H](C)NC(=O)[C@@H](C)N(C)C(=O)[C@H](C)N(C)C(=O)[C@@H](C)NC(=O)[C@@H](C)NC1=O
caco2_wang:test:52,hexapeptide 13,test,-5.8200002,C[C@@H]1NC(=O)[C@H](C)N(C)C(=O)[C@@H](C)NC(=O)[C@H](C)N(C)C(=O)[C@@H](C)NC(=O)[C@@H](C)NC1=O
caco2_wang:test:53,hexapeptide 14,test,-5.8200002,C[C@@H]1NC(=O)[C@@H](C)NC(=O)[C@H](C)N(C)C(=O)[C@@H](C)NC(=O)[C@@H](C)NC(=O)[C@H](C)N(C)C1=O
caco2_wang:test:54,hexapeptide 18,test,-5.3000002000000004,C[C@@H]1NC(=O)[C@@H](C)N(C)C(=O)[C@H](C)NC(=O)[C@@H](C)NC(=O)[C@@H](C)N(C)C(=O)[C@H](C)NC1=O
caco2_wang:test:55,hexapeptide 20,test,-5.8200002,C[C@@H]1NC(=O)[C@@H](C)NC(=O)[C@@H](C)N(C)C(=O)[C@H](C)NC(=O)[C@H](C)N(C)C(=O)[C@@H](C)NC1=O
caco2_wang:test:56,hexapeptide 22,test,-5.8200002,C[C@@H]1NC(=O)[C@H](C)NC(=O)[C@@H](C)N(C)C(=O)[C@H](C)N(C)C(=O)[C@@H](C)N(C)C(=O)[C@@H](C)NC1=O
caco2_wang:test:57,hexapeptide 23,test,-5.8200002,C[C@@H]1NC(=O)[C@H](C)N(C)C(=O)[C@@H](C)NC(=O)[C@H](C)N(C)C(=O)[C@@H](C)N(C)C(=O)[C@@H](C)NC1=O
caco2_wang:test:58,hexapeptide 24,test,-5.8200002,C[C@@H]1NC(=O)[C@@H](C)NC(=O)[C@H](C)N(C)C(=O)[C@@H](C)N(C)C(=O)[C@@H](C)NC(=O)[C@H](C)N(C)C1=O
caco2_wang:test:59,hexapeptide 25,test,-5.8200002,C[C@@H]1NC(=O)[C@@H](C)NC(=O)[C@H](C)N(C)C(=O)[C@@H](C)N(C)C(=O)[C@@H](C)N(C)C(=O)[C@H](C)NC1=O
caco2_wang:test:60,hexapeptide 26,test,-5.3000002000000004,C[C@@H]1NC(=O)[C@H](C)N(C)C(=O)[C@@H](C)N(C)C(=O)[C@H](C)NC(=O)[C@@H](C)N(C)C(=O)[C@@H](C)NC1=O
caco2_wang:test:61,hexapeptide 27,test,-5.3000002000000004,C[C@@H]1NC(=O)[C@@H](C)N(C)C(=O)[C@H](C)NC(=O)[C@@H](C)N(C)C(=O)[C@@H](C)N(C)C(=O)[C@H](C)NC1=O
caco2_wang:test:62,hexapeptide 28,test,-5,C[C@@H]1NC(=O)[C@@H](C)N(C)C(=O)[C@@H](C)NC(=O)[C@H](C)N(C)C(=O)[C@H](C)N(C)C(=O)[C@@H](C)NC1=O
caco2_wang:test:63,hexapeptide 29,test,-5.8200002,C[C@@H]1NC(=O)[C@@H](C)N(C)C(=O)[C@@H](C)N(C)C(=O)[C@H](C)NC(=O)[C@H](C)N(C)C(=O)[C@@H](C)NC1=O
caco2_wang:test:64,hexapeptide 32,test,-5.8200002,C[C@@H]1NC(=O)[C@@H](C)N(C)C(=O)[C@H](C)N(C)C(=O)[C@@H](C)NC(=O)[C@@H](C)NC(=O)[C@H](C)N(C)C1=O
caco2_wang:test:65,hexapeptide 33,test,-5.8200002,C[C@@H]1NC(=O)[C@@H](C)N(C)C(=O)[C@H](C)N(C)C(=O)[C@@H](C)NC(=O)[C@@H](C)N(C)C(=O)[C@H](C)NC1=O
caco2_wang:test:66,hexapeptide 34,test,-5.8200002,C[C@H]1C(=O)N[C@H](C)C(=O)N[C@H](C)C(=O)N(C)[C@@H](C)C(=O)N[C@H](C)C(=O)N(C)[C@@H](C)C(=O)N1C
caco2_wang:test:67,hexapeptide 37,test,-5.8200002,C[C@@H]1NC(=O)[C@@H](C)NC(=O)[C@@H](C)NC(=O)[C@H](C)N(C)C(=O)[C@H](C)N(C)C(=O)[C@@H](C)N(C)C1=O
caco2_wang:test:68,hexapeptide 38,test,-5.8200002,C[C@@H]1NC(=O)[C@H](C)N(C)C(=O)[C@@H](C)N(C)C(=O)[C@H](C)NC(=O)[C@@H](C)NC(=O)[C@@H](C)N(C)C1=O
caco2_wang:test:69,hexapeptide 41,test,-5.2600002000000003,C[C@@H]1NC(=O)[C@H](C)N(C)C(=O)[C@@H](C)N(C)C(=O)[C@H](C)N(C)C(=O)[C@@H](C)N(C)C(=O)[C@@H](C)NC1=O
caco2_wang:test:70,hexapeptide 42,test,-5.8200002,C[C@@H]1NC(=O)[C@@H](C)N(C)C(=O)[C@H](C)N(C)C(=O)[C@@H](C)N(C)C(=O)[C@@H](C)NC(=O)[C@H](C)N(C)C1=O
caco2_wang:test:71,hexapeptide 47,test,-5.3000002000000004,C[C@@H]1NC(=O)[C@@H](C)N(C)C(=O)[C@@H](C)NC(=O)[C@H](C)N(C)C(=O)[C@H](C)N(C)C(=O)[C@@H](C)N(C)C1=O
caco2_wang:test:72,hexapeptide 48,test,-5.3000002000000004,C[C@@H]1NC(=O)[C@@H](C)N(C)C(=O)[C@@H](C)N(C)C(=O)[C@H](C)NC(=O)[C@H](C)N(C)C(=O)[C@@H](C)N(C)C1=O
caco2_wang:test:73,hexapeptide 52,test,-4.6999997999999996,C[C@H]1C(=O)N(C)[C@H](C)C(=O)N[C@H](C)C(=O)N(C)[C@@H](C)C(=O)N[C@H](C)C(=O)N(C)[C@@H](C)C(=O)N1C
caco2_wang:test:74,hexapeptide 53,test,-5.3000002000000004,C[C@@H]1NC(=O)[C@@H](C)NC(=O)[C@@H](C)N(C)C(=O)[C@H](C)N(C)C(=O)[C@H](C)N(C)C(=O)[C@@H](C)N(C)C1=O
caco2_wang:test:75,hexapeptide 54,test,-5,C[C@@H]1NC(=O)[C@@H](C)N(C)C(=O)[C@H](C)N(C)C(=O)[C@@H](C)NC(=O)[C@@H](C)N(C)C(=O)[C@H](C)N(C)C1=O
caco2_wang:test:76,hexapeptide 55,test,-5.3000002000000004,C[C@@H]1NC(=O)[C@@H](C)N(C)C(=O)[C@H](C)NC(=O)[C@@H](C)N(C)C(=O)[C@@H](C)N(C)C(=O)[C@H](C)N(C)C1=O
caco2_wang:test:77,hexapeptide 56,test,-5.0999999000000003,C[C@H]1C(=O)N(C)[C@H](C)C(=O)N[C@H](C)C(=O)N(C)[C@@H](C)C(=O)N(C)[C@H](C)C(=O)N(C)[C@@H](C)C(=O)N1C
caco2_wang:test:78,hexapeptide 57,test,-5.1500000999999997,C[C@@H]1NC(=O)[C@@H](C)N(C)C(=O)[C@@H](C)N(C)C(=O)[C@H](C)N(C)C(=O)[C@H](C)N(C)C(=O)[C@@H](C)N(C)C1=O
caco2_wang:test:79,hexapeptide 58,test,-5.3000002000000004,C[C@H]1C(=O)N(C)[C@H](C)C(=O)N(C)[C@H](C)C(=O)N(C)[C@@H](C)C(=O)N[C@H](C)C(=O)N(C)[C@@H](C)C(=O)N1C
caco2_wang:test:80,hexapeptide 59,test,-5.3000002000000004,C[C@@H]1NC(=O)[C@@H](C)N(C)C(=O)[C@H](C)N(C)C(=O)[C@@H](C)N(C)C(=O)[C@@H](C)N(C)C(=O)[C@H](C)N(C)C1=O
caco2_wang:test:81,hexapeptide 60,test,-5.3000002000000004,C[C@H]1C(=O)N[C@H](C)C(=O)N(C)[C@H](C)C(=O)N(C)[C@@H](C)C(=O)N(C)[C@H](C)C(=O)N(C)[C@@H](C)C(=O)N1C
caco2_wang:test:82,hexapeptide 04,test,-5.8200002,C[C@@H]1NC(=O)[C@H](C)N(C)C(=O)[C@@H](C)NC(=O)[C@H](C)NC(=O)[C@@H](C)NC(=O)[C@@H](C)NC1=O
caco2_wang:test:83,hexapeptide 15,test,-5.8200002,C[C@@H]1NC(=O)[C@@H](C)NC(=O)[C@H](C)N(C)C(=O)[C@@H](C)NC(=O)[C@@H](C)N(C)C(=O)[C@H](C)NC1=O
caco2_wang:test:84,hexapeptide 16,test,-5.3000002000000004,C[C@@H]1NC(=O)[C@H](C)N(C)C(=O)[C@@H](C)N(C)C(=O)[C@H](C)NC(=O)[C@@H](C)NC(=O)[C@@H](C)NC1=O
caco2_wang:test:85,hexapeptide 19,test,-5.8200002,C[C@@H]1NC(=O)[C@@H](C)NC(=O)[C@@H](C)NC(=O)[C@H](C)N(C)C(=O)[C@H](C)N(C)C(=O)[C@@H](C)NC1=O
caco2_wang:test:86,hexapeptide 43,test,-5.8200002,C[C@@H]1NC(=O)[C@@H](C)N(C)C(=O)[C@H](C)N(C)C(=O)[C@@H](C)N(C)C(=O)[C@@H](C)N(C)C(=O)[C@H](C)NC1=O
caco2_wang:test:87,hexapeptide 51,test,-5.3000002000000004,C[C@@H]1NC(=O)[C@H](C)N(C)C(=O)[C@@H](C)N(C)C(=O)[C@H](C)N(C)C(=O)[C@@H](C)NC(=O)[C@@H](C)N(C)C1=O
caco2_wang:test:88,Chlorprothixene,test,-4.7399997999999997,CN(C)CC/C=C1/c2ccccc2Sc2ccc(Cl)cc21
caco2_wang:test:89,3,test,-6.0107207000000002,Cc1c(O)c2c(c(C)c1CCO[C@@H]1O[C@H](CO)[C@@H](O)[C@H](O)[C@H]1O)C(=O)C(C)(C)C2
caco2_wang:test:90,Pyrimethamine,test,-4.2300000000000004,CCc1nc(N)nc(N)c1-c1ccc(Cl)cc1
caco2_wang:test:91,Stavudine (d4T),test,-5.3483939000000005,Cc1cn([C@H]2C=C[C@@H](CO)O2)c(=O)[nH]c1=O
caco2_wang:test:92,PNU200001,test,-6.6999997999999996,N=C(N)c1ccc2[nH]c(Cc3nc4ccccc4[nH]3)nc2c1
caco2_wang:test:93,PNU200969,test,-6.1524510000000001,CCOC(=O)NC(=N)c1ccc2nc(Cc3nc4ccccc4[nH]3)[nH]c2c1
caco2_wang:test:94,PNU200969,test,-6.1500000999999997,CCOC(=O)NC(=N)c1ccc2[nH]c(Cc3nc4ccccc4[nH]3)nc2c1
caco2_wang:test:95,"Apigenin (5,7,4'-THF)",test,-4.9821800999999999,O=c1cc(-c2ccc(O)cc2)oc2cc(O)cc(O)c12
caco2_wang:test:96,"7,4'-DMF",test,-4.6010299000000003,COc1ccc(-c2cc(=O)c3ccc(OC)cc3o2)cc1
caco2_wang:test:97,Kaempferol (16),test,-4.9899997999999997,O=c1c(O)c(-c2ccc(O)cc2)oc2cc(O)cc(O)c12
caco2_wang:test:98,Tamarixetin (17),test,-5.0013065000000001,COc1ccc(-c2oc3cc(O)cc(O)c3c(=O)c2O)cc1O
caco2_wang:test:99,Apometzgerin (2),test,-4.9499997999999996,COc1cc(-c2cc(=O)c3c(O)cc(O)cc3o2)cc(O)c1OC
caco2_wang:test:100,kaempferide ,test,-5.1900000999999998,COc1ccc(-c2oc3cc(O)cc(O)c3c(=O)c2O)cc1
caco2_wang:test:101,7-MF,test,-4.6479458999999999,COc1ccc2c(=O)cc(-c3ccccc3)oc2c1
caco2_wang:test:102,"5,7-DMF",test,-4.6313224000000002,COc1cc(OC)c2c(=O)cc(-c3ccccc3)oc2c1
caco2_wang:test:103,"5,7,4'-TMF",test,-4.5595455000000005,COc1ccc(-c2cc(=O)c3c(OC)cc(OC)cc3o2)cc1
caco2_wang:test:104,"7,4'-DHF",test,-5.2123350999999998,O=c1cc(-c2ccc(O)cc2)oc2cc(O)ccc12
caco2_wang:test:105,Flavone,test,-3.9201082999999999,O=c1cc(-c2ccccc2)oc2ccccc12
caco2_wang:test:106,"Chrysin (5,7-DHF)",test,-5.0105972000000003,O=c1cc(-c2ccccc2)oc2cc(O)cc(O)c12
caco2_wang:test:107,Icajine (Ica),test,-4.5816797999999999,CN1CC[C@]23C(=O)C[C@@H]4C(=CCO[C@H]5CC(=O)N(c6ccccc62)[C@@H]3[C@@H]54)C1
caco2_wang:test:108,Astilbin,test,-6.8200002000000008,C[C@@H]1O[C@@H](O[C@@H]2C(=O)c3c(O)cc(O)cc3O[C@H]2c2ccc(O)c(O)c2)[C@H](O)[C@H](O)[C@H]1O
caco2_wang:test:109,Phenobarbital,test,-4.6300000999999984,CCC1(c2ccccc2)C(=O)NC(=O)NC1=O
caco2_wang:test:110,74,test,-5.6989698000000004,Cn1nnnc1-c1cccc(NC(=O)N[C@@H]2CCCC[C@H]2CN2CCC[C@@H](Cc3ccc(F)cc3)C2)c1
caco2_wang:test:111,884-14b,test,-5.050365900000001,C=C(c1ccccc1)[C@H]1OC[C@@H](NC(=O)Cc2ccccc2)[C@H](C)O1
caco2_wang:test:112,"883-(cis)-[2-(E-Phenylvinyl)-1,3-dioxan-5-yl]phenylacetamide (14a)",test,-5.0498786000000004,C=C(c1ccccc1)C1OCC(NC(=O)Cc2ccccc2)CO1
caco2_wang:test:113,carboxamido 28,test,-4.0599998999999984,CC(C)(C)CC(=O)Nc1c(F)cc(C(=O)Nc2nccs2)cc1F
caco2_wang:test:114,MEN14970,test,-4.9309067999999998,O=C(NC1(C(=O)N[C@H](Cc2ccccc2)C(=O)NCCCN2CCOCC2)CCCC1)c1ccc(-c2ccccc2)s1
caco2_wang:test:115,Pranoprofen; pyranoprofen,test,-4.3899999000000003,CC(C(=O)O)c1ccc2c(c1)Cc1cccnc1O2
caco2_wang:test:116,D,test,-5.489058,CC1(C)CNc2cc(NC(=O)c3cccnc3NCc3ccncc3)ccc21
caco2_wang:test:117,13h,test,-5.3600000999999997,CN1C(=O)CC(N2CCCN(CCCN3c4ccccc4CCc4ccc(C(=O)O)cc43)CC2)N(C)C1=O
caco2_wang:test:118,13i,test,-5.5900002000000004,CN1C(=O)CC(N2CCCN(CCCN3c4ccccc4CCc4ccc(CC(=O)O)cc43)CC2)N(C)C1=O
caco2_wang:test:119,13j,test,-5.2450004000000003,CN1C(=O)CC(N2CCCN(CCCN3c4ccccc4CCc4ccc(C(C)(C)C(=O)O)cc43)CC2)N(C)C1=O
caco2_wang:test:120,Ceftriaxone,test,-6.6047130000000003,CO/N=C(/C(=O)N[C@@H]1C(=O)N2C(C(=O)O)=C(CSc3nc(=O)c(=O)[nH]n3C)CS[C@H]12)c1csc(N)n1
caco2_wang:test:121,ceftriaxone,test,-6.7649999000000012,CO/N=C(\C(=O)N[C@@H]1C(=O)N2C(C(=O)O)=C(CSc3nc(=O)c(=O)[nH]n3C)CS[C@H]12)c1csc(N)n1
caco2_wang:test:122,SDZ-RAD,test,-4.6300000999999984,CO[C@H]1C[C@@H]2CC[C@@H](C)[C@@](O)(O2)C(=O)C(=O)N2CCCC3[C@H](C[C@@H]4CC[C@@H](OCCO)[C@H](OC)C4)[C@H](CC(=O)[C@H](C)/C=C(\C)[C@@H](O)[C@@H](OC)C(=O)[C@H](C)CC[C@H](C)/C=C/C=C/C=C/1C)OC(=O)[C@H]32
caco2_wang:test:123,creatinine,test,-5.9354090999999976,CN1CC(=O)NC1=N
caco2_wang:test:124,Efavirenz,test,-4.0500002000000004,O=C1Nc2ccc(Cl)cc2[C@@](C#CC2CC2)(C(F)(F)F)O1
caco2_wang:test:125,25,test,-5.3099999000000002,Cn1c(N2CCN(CCN3c4ccccc4Sc4ccc(C(=O)O)cc43)CC2)cc(=O)n(C)c1=O
caco2_wang:test:126,Salvianolic acid A (SAA),test,-7.2277411999999996,O=C(/C=C/c1ccc(O)c(O)c1/C=C/c1ccc(O)c(O)c1)OC(Cc1ccc(O)c(O)c1)C(=O)O
caco2_wang:test:127,234-Cortisone,test,-4.5086384000000015,C[C@@]12CCC(=O)C=C1CC[C@H]1[C@@H]3CC[C@](O)(C(=O)CO)[C@@]3(C)CC(=O)[C@H]12
caco2_wang:test:128,PNU-184147,test,-4.7423639,CCC(=S)NC[C@H]1CN(c2ccc(N3CCN(C(=O)CO)CC3)c(F)c2)C(=O)O1
caco2_wang:test:129,PNU-184249,test,-4.4579659000000005,CCC(=S)NC[C@H]1CN(c2ccc(N3CCN(C=O)CC3)c(F)c2)C(=O)O1
caco2_wang:test:130,3,test,-4.5418171999999997,CSc1nc2cc(C(=O)N3CCC(C)CC3)ccc2[nH]1
caco2_wang:test:131,(Z)-19b,test,-5.4000000999999997,CN1C(=O)CC(N2CCCN(CC/C=C3/c4ccccc4COc4ccc(CC(=O)O)cc43)CC2)N(C)C1=O
caco2_wang:test:132,(Z)-19d,test,-5.4200000999999975,CN1C(=O)CC(N2CCCN(CC/C=C3/c4ccccc4COc4ccc(C(=O)O)cc43)CC2)N(C)C1=O
caco2_wang:test:133,4b,test,-6,Cc1cc(C(=O)Nc2ccc(-c3ccccc3S(N)(=O)=O)cc2F)n(-c2cccc(CN)c2)n1
caco2_wang:test:134,4c,test,-5.9000000999999997,Cc1cc(C(=O)Nc2ccc(-c3ccccc3S(C)(=O)=O)cc2)n(-c2cccc(CN)c2)n1
caco2_wang:test:135,4f,test,-6,NCc1cccc(-n2nc(C(F)(F)F)cc2C(=O)Nc2ccc(-c3ccccc3S(N)(=O)=O)cc2F)c1
caco2_wang:test:136,4g,test,-5.5,CS(=O)(=O)c1ccccc1-c1ccc(NC(=O)c2cc(C(F)(F)F)nn2-c2cccc(CN)c2)cc1
caco2_wang:test:137,4h,test,-5.3000002000000004,CS(=O)(=O)c1ccccc1-c1ccc(NC(=O)c2cc(C(F)(F)F)nn2-c2cccc(CN)c2)c(F)c1
caco2_wang:test:138,4d,test,-5.5,Cc1cc(C(=O)Nc2ccc(-c3ccccc3S(C)(=O)=O)cc2F)n(-c2cccc(CN)c2)n1
caco2_wang:test:139,Zearalenone (ZEN),test,-4.9800000000000004,CC1CCC(=O)CCC/C=C/c2cc(O)cc(O)c2C(=O)OC1
caco2_wang:test:140,17,test,-6.1883749999999997,Cc1ccc(C(F)(F)CNc2ccc(C#N)c(CC(=O)NCCONC(=N)N)c2F)nc1
caco2_wang:test:141,34,test,-6.3723635999999999,CN(OCCNC(=O)Cc1c(C#N)ccc(NCC(F)(F)c2ccccn2)c1F)C(=N)N
caco2_wang:test:142,DXG (9),test,-6.1599997999999996,COc1ccc(-c2cc(=O)c3c(O)cc(OC4O[C@H](CO[C@@H]5OC[C@@H](O)[C@H](O)[C@H]5O)[C@@H](O)[C@H](O)[C@H]4O)cc3o2)cc1O
caco2_wang:test:143,EF5264,test,-4.5100002000000003,CC(=O)OC(C)OC(=O)N1CCC(N2CCN(CC(=O)c3ccc(OCC(=O)OC4CCOCC4)cc3)C(=O)C2)CC1
caco2_wang:test:144,1,test,-4.7597256000000003,Cc1c(O)c2c(c(C)c1CCO)C(=O)C(C)(C)C2
caco2_wang:test:145,Roxithromycin,test,-5.7397189000000015,CC[C@@H]1OC(=O)[C@@H](C)[C@H](O[C@@H]2C[C@](C)(OC)[C@H](O)[C@@H](C)O2)[C@H](C)[C@H](O[C@@H]2O[C@H](C)C[C@H](N(C)C)[C@H]2O)[C@@](C)(O)C[C@@H](C)/C(=N\OCOCCOC)[C@H](C)[C@@H](O)[C@@]1(C)O
caco2_wang:test:146,205-Fluoxetine,test,-4.9299622000000003,CNCCC(Oc1ccc(C(F)(F)F)cc1)c1ccccc1
caco2_wang:test:147,Fluoxetine,test,-4.5500002000000004,CNCCC(Oc1ccc(C)cc1)c1ccccc1
caco2_wang:test:148,1029-Dihydrotetrabenazine isomer,test,-4.5986857000000008,COc1cc2c(cc1OC)C1CC(O)C(CC(C)C)CN1CC2
caco2_wang:test:149,Dihydrotetrabenazine isomer A,test,-4.6799998,COc1cc2c(cc1OC)[C@H]1C[C@H](O)[C@@H](CC(C)C)CN1CC2
caco2_wang:test:150,Oxacillin,test,-4.8797115999999994,Cc1onc(-c2ccccc2)c1C(=O)N[C@@H]1C(=O)N2[C@@H](C(=O)O)C(C)(C)S[C@H]12
caco2_wang:test:151,oxacillin,test,-5.5799999000000025,Cc1onc(-c2ccccc2Cl)c1C(=O)N[C@@H]1C(=O)N2[C@@H](C(=O)O)C(C)(C)S[C@H]12
caco2_wang:test:152,elarofiban,test,-6.21,O=C(O)C[C@H](NC(=O)[C@@H]1CCCN(C(=O)CCC2CCNCC2)C1)c1cccnc1
caco2_wang:test:153,hesperetin ,test,-4.7399997999999997,COc1ccc([C@@H]2CC(=O)c3c(O)cc(O)cc3O2)cc1O
caco2_wang:test:154,naringenin,test,-4.6550001999999999,O=C1C[C@@H](c2ccc(O)cc2)Oc2cc(O)cc(O)c21
caco2_wang:test:155,Eriodictyol (28),test,-5.2800001999999999,O=C1CC(c2ccc(O)c(O)c2)Oc2cc(O)cc(O)c21
caco2_wang:test:156,Liquiritigenin (LG),test,-4.8000002000000004,O=C1CC(c2ccc(O)cc2)Oc2cc(O)ccc21
caco2_wang:test:157,eriodictyol ,test,-5.2800001999999999,O=C1C[C@@H](c2ccc(O)c(O)c2)Oc2cc(O)cc(O)c21
caco2_wang:test:158,Taxifolin (29),test,-6.5093192999999996,O=C1c2c(O)cc(O)cc2OC(c2ccc(O)c(O)c2)C1O
caco2_wang:test:159,PNU-184421,test,-4.3783754999999998,CC(=O)NC[C@H]1CN(c2ccc(-c3ccc(C#N)nc3)c(F)c2)C(=O)O1
caco2_wang:test:160,26,test,-4.6900000999999998,Cn1c(N2CCN(CCCCN3c4ccccc4Sc4ccc(C(=O)O)cc43)CC2)cc(=O)n(C)c1=O
caco2_wang:test:161,N-desmethylclozapine,test,-4.6799998,Clc1ccc2c(c1)N=C(N1CCNCC1)c1ccccc1N2
caco2_wang:test:162,clozapine,test,-4.5100002000000003,CN1CCN(C2=Nc3cc(Cl)ccc3Nc3ccccc32)CC1
caco2_wang:test:163,Pseudostrychnine (Psd),test,-4.6001629999999984,O=C1C[C@H]2OCC=C3CN4C[C@H](O)C56c7ccccc7N1[C@@H]5[C@H]2[C@H]3CC46
caco2_wang:test:164,Beta-colubrine (Col),test,-4.5717444,COc1ccc2c(c1)[C@]13CCN4CC5=CCO[C@@H]6CC(=O)N2[C@@H]1[C@@H]6[C@@H]5C[C@@H]43
caco2_wang:test:165,Strychnine (Str),test,-4.5086198,O=C1C[C@@H]2OCC=C3CN4CC[C@]56c7ccccc7N1[C@H]5[C@H]2[C@H]3C[C@H]46
caco2_wang:test:166,Brucine (Bru),test,-4.7786422000000002,COc1cc2c(cc1OC)[C@]13CCN4CC5=CCO[C@@H]6CC(=O)N2[C@@H]1[C@@H]6[C@@H]5C[C@@H]43
caco2_wang:test:167,5d,test,-6.0999999000000003,CN1CCN(Cc2ccc(C(c3nnnn3Cc3ccccc3)N3CCCN(C4CCC4)CC3)cc2)CC1
caco2_wang:test:168,Org 34037,test,-4.7199998000000001,Clc1ccc(C2CN3CCN=C3c3ccccc32)cc1
caco2_wang:test:169,Pravastatin,test,-5.8699999000000025,CCC(C)C(=O)O[C@@H]1C[C@@H](O)C=C2C=C[C@@H](C)[C@@H](CC[C@@H](O)C[C@@H](O)CC(=O)O)[C@@H]21
caco2_wang:test:170,pravastatin,test,-5.8400002000000004,CC[C@H](C)C(=O)O[C@H]1C[C@H](O)C=C2C=C[C@H](C)[C@H](CC[C@@H](O)C[C@@H](O)CC(=O)O)[C@H]21
caco2_wang:test:171,Alfuzosin,test,-5.6399999000000003,COc1cc2nc(N(C)CCCNC(=O)C3CCCO3)nc(N)c2cc1OC
caco2_wang:test:172,ursolic acid,test,-5.5500002000000004,C[C@@H]1[C@H]2C3=CC[C@@H]4[C@@]5(C)CC[C@H](O)C(C)(C)[C@@H]5CC[C@@]4(C)[C@]3(C)CC[C@@]2(C(=O)O)CC[C@H]1C
caco2_wang:test:173,Amitriptyline,test,-4.2600002000000003,CN(C)CCC=C1c2ccccc2CCc2ccccc21
caco2_wang:test:174,732-Amitriptyline,test,-3.9006647999999999,CN(C)CCC=C1c2ccccc2CCc2ccccc21
caco2_wang:test:175,Astemizole,test,-5.1500000999999997,COc1ccc(CCN2CCC(Nc3nc4ccccc4n3Cc3ccc(F)cc3)CC2)cc1
caco2_wang:test:176,Digoxin,test,-5.6316041999999999,C[C@H]1O[C@@H](O[C@H]2[C@@H](O)C[C@H](O[C@H]3[C@@H](O)C[C@H](O[C@H]4CC[C@@]5(C)[C@H]6C[C@@H](O)[C@]7(C)C(C8=CC(=O)OC8)CC[C@]7(O)[C@@H]6CC[C@@H]5C4)O[C@@H]3C)O[C@@H]2C)C[C@H](O)[C@@H]1O
caco2_wang:test:177,Trimethobenzamide,test,-4.96,COc1cc(C(=O)NCc2ccc(OCCN(C)C)cc2)cc(OC)c1OC
caco2_wang:test:178,EF5261,test,-4.4000000999999997,O=C(COc1ccc(C(=O)CN2CCN(C3CCN(C(=O)OC/C=C4/OC(=O)c5ccccc54)CC3)CC2=O)cc1)OC1CCCCC1
caco2_wang:test:179,puerarin ,test,-6.4000000999999997,O=c1c(-c2ccc(O)cc2)coc2c([C@@H]3O[C@H](CO)[C@@H](O)[C@H](O)[C@H]3O)c(O)ccc12
caco2_wang:test:180,Puerarin (34),test,-6.3989700999999997,O=c1c(-c2ccc(O)cc2)coc2c(C3O[C@H](CO)[C@@H](O)[C@H](O)[C@H]3O)c(O)ccc12
caco2_wang:test:181,E28,test,-5.1500000999999997,CNC(=O)/C=C(/c1ccc2nc(N)n(C3CCCC3)c2c1)c1ccccc1F
